250,1,class Fox
255,1,class Fox
124,1,class Fox
868,1,class Fox
45,1,class Fox
21,1,class Fox
1042,1,class Fox
430,1,class Fox
40,1,class Fox
91,1,class Fox
615,1,class Fox
1056,1,class Fox
1072,1,class Fox
116,1,class Fox
920,1,class Fox
322,1,class Fox
265,1,class Fox
1047,1,class Fox
251,1,class Fox
52,1,class Fox
511,1,class Fox
29,1,class Fox
740,1,class Fox
705,1,class Fox
500,1,class Fox
61,1,class Fox
18,1,class Fox
262,1,class Fox
633,1,class Fox
955,1,class Fox
701,1,class Fox
106,1,class Fox
249,1,class Fox
836,1,class Fox
317,1,class Fox
874,1,class Fox
330,1,class Fox
328,1,class Fox
852,2,class Fox
788,2,class Fox
802,2,class Fox
1085,2,class Fox
515,2,class Fox
578,2,class Fox
393,2,class Fox
449,2,class Fox
223,2,class Fox
512,2,class Fox
1070,2,class Fox
726,2,class Fox
941,2,class Fox
23,2,class Fox
710,2,class Fox
745,2,class Fox
242,2,class Fox
3,2,class Fox
752,2,class Fox
657,2,class Fox
946,2,class Fox
884,2,class Fox
603,3,class Fox
191,3,class Fox
426,3,class Fox
693,3,class Fox
1010,3,class Fox
308,3,class Fox
42,3,class Fox
482,3,class Fox
424,3,class Fox
1091,3,class Fox
1026,3,class Fox
250,3,class Fox
318,3,class Fox
390,3,class Fox
130,3,class Fox
1072,3,class Fox
574,3,class Fox
538,3,class Fox
112,3,class Fox
475,4,class Fox
737,4,class Fox
379,4,class Fox
93,4,class Fox
586,4,class Fox
723,4,class Fox
1010,4,class Fox
1091,4,class Fox
625,4,class Fox
181,4,class Fox
1080,4,class Fox
1022,4,class Fox
756,4,class Fox
415,4,class Fox
452,4,class Fox
518,4,class Fox
1016,5,class Fox
725,5,class Fox
1036,5,class Fox
383,5,class Fox
493,5,class Fox
243,5,class Fox
339,5,class Fox
177,5,class Fox
9,5,class Fox
1090,6,class Fox
440,6,class Fox
411,6,class Fox
508,6,class Fox
340,6,class Fox
906,6,class Fox
691,6,class Fox
1091,7,class Fox
520,7,class Fox
399,7,class Fox
1091,7,class Fox
878,7,class Fox
1091,7,class Fox
515,8,class Fox
535,8,class Fox
548,8,class Fox
1010,8,class Fox
1065,8,class Fox
683,8,class Fox
742,8,class Fox
818,8,class Fox
304,9,class Fox
631,9,class Fox
129,9,class Fox
737,9,class Fox
213,9,class Fox
593,9,class Fox
319,9,class Fox
1091,9,class Fox
776,9,class Fox
1025,9,class Fox
778,9,class Fox
1041,9,class Fox
1091,9,class Fox
838,9,class Fox
1,9,class Fox
869,10,class Fox
897,10,class Fox
24,10,class Fox
972,10,class Fox
84,10,class Fox
1027,10,class Fox
485,10,class Fox
820,10,class Fox
646,10,class Fox
6,10,class Fox
2,10,class Fox
661,11,class Fox
1060,11,class Fox
344,11,class Fox
445,11,class Fox
1091,11,class Fox
425,11,class Fox
909,11,class Fox
304,11,class Fox
912,11,class Fox
692,11,class Fox
354,11,class Fox
822,11,class Fox
893,11,class Fox
30,12,class Fox
684,12,class Fox
563,12,class Fox
77,12,class Fox
728,12,class Fox
460,12,class Fox
1025,12,class Fox
455,12,class Fox
953,13,class Fox
993,13,class Fox
880,13,class Fox
842,13,class Fox
152,13,class Fox
588,13,class Fox
462,13,class Fox
786,13,class Fox
951,13,class Fox
1,13,class Fox
260,14,class Fox
227,14,class Fox
1072,14,class Fox
21,14,class Fox
834,14,class Fox
716,14,class Fox
1087,14,class Fox
1091,14,class Fox
827,14,class Fox
371,15,class Fox
418,15,class Fox
423,15,class Fox
1081,15,class Fox
50,15,class Fox
283,15,class Fox
117,15,class Fox
694,15,class Fox
924,15,class Fox
716,15,class Fox
7,15,class Fox
7,15,class Fox
972,16,class Fox
549,16,class Fox
25,16,class Fox
114,16,class Fox
12,16,class Fox
106,17,class Fox
458,17,class Fox
787,17,class Fox
56,17,class Fox
703,17,class Fox
657,17,class Fox
607,17,class Fox
804,17,class Fox
497,17,class Fox
1091,17,class Fox
1044,17,class Fox
506,18,class Fox
1091,18,class Fox
953,18,class Fox
769,18,class Fox
9,18,class Fox
342,19,class Fox
572,19,class Fox
555,19,class Fox
330,19,class Fox
599,19,class Fox
943,19,class Fox
114,19,class Fox
54,19,class Fox
670,20,class Fox
669,20,class Fox
892,20,class Fox
495,20,class Fox
793,20,class Fox
333,20,class Fox
16,20,class Fox
11,20,class Fox
1091,21,class Fox
878,21,class Fox
829,21,class Fox
13,21,class Fox
9,21,class Fox
2,21,class Fox
1091,22,class Fox
735,22,class Fox
444,22,class Fox
976,22,class Fox
908,22,class Fox
41,22,class Fox
16,22,class Fox
2,22,class Fox
163,23,class Fox
281,23,class Fox
1091,23,class Fox
693,23,class Fox
774,23,class Fox
339,23,class Fox
615,23,class Fox
1091,23,class Fox
32,23,class Fox
705,24,class Fox
485,24,class Fox
705,24,class Fox
939,24,class Fox
947,24,class Fox
1,24,class Fox
814,25,class Fox
61,25,class Fox
159,25,class Fox
932,25,class Fox
58,25,class Fox
23,25,class Fox
13,25,class Fox
546,26,class Fox
625,26,class Fox
782,26,class Fox
873,26,class Fox
1091,26,class Fox
151,26,class Fox
603,26,class Fox
1091,26,class Fox
831,26,class Fox
1091,26,class Fox
25,26,class Fox
598,27,class Fox
399,27,class Fox
504,27,class Fox
444,27,class Fox
26,27,class Fox
19,27,class Fox
16,27,class Fox
639,28,class Fox
420,28,class Fox
559,28,class Fox
1091,28,class Fox
46,28,class Fox
304,28,class Fox
26,28,class Fox
19,28,class Fox
16,28,class Fox
37,29,class Fox
536,29,class Fox
557,29,class Fox
6,29,class Fox
927,30,class Fox
1029,30,class Fox
858,30,class Fox
7,30,class Fox
135,31,class Fox
143,31,class Fox
390,31,class Fox
871,31,class Fox
53,31,class Fox
4,31,class Fox
254,32,class Fox
1091,32,class Fox
991,32,class Fox
1091,32,class Fox
724,32,class Fox
931,32,class Fox
670,33,class Fox
893,33,class Fox
1088,33,class Fox
1091,33,class Fox
816,33,class Fox
720,34,class Fox
748,34,class Fox
905,34,class Fox
994,34,class Fox
1091,34,class Fox
557,34,class Fox
24,34,class Fox
14,34,class Fox
8,34,class Fox
7,34,class Fox
4,34,class Fox
2,34,class Fox
105,35,class Fox
632,35,class Fox
401,35,class Fox
88,35,class Fox
14,35,class Fox
523,36,class Fox
178,36,class Fox
885,36,class Fox
561,36,class Fox
30,36,class Fox
306,37,class Fox
13,37,class Fox
1091,38,class Fox
42,38,class Fox
143,39,class Fox
376,39,class Fox
863,39,class Fox
19,39,class Fox
1,39,class Fox
917,40,class Fox
279,40,class Fox
880,40,class Fox
1015,40,class Fox
15,40,class Fox
7,40,class Fox
748,41,class Fox
693,41,class Fox
35,41,class Fox
33,41,class Fox
24,41,class Fox
131,42,class Fox
273,42,class Fox
18,42,class Fox
12,42,class Fox
8,42,class Fox
281,43,class Fox
952,43,class Fox
461,43,class Fox
33,43,class Fox
488,44,class Fox
32,44,class Fox
16,44,class Fox
6,44,class Fox
4,44,class Fox
812,45,class Fox
660,45,class Fox
43,45,class Fox
22,45,class Fox
1,45,class Fox
381,46,class Fox
1079,46,class Fox
1091,46,class Fox
425,47,class Fox
786,47,class Fox
997,47,class Fox
35,47,class Fox
30,47,class Fox
26,47,class Fox
26,47,class Fox
9,47,class Fox
222,48,class Fox
26,48,class Fox
201,49,class Fox
1072,49,class Fox
135,49,class Fox
762,49,class Fox
45,49,class Fox
572,50,class Fox
556,50,class Fox
571,50,class Fox
784,50,class Fox
1091,51,class Fox
99,51,class Fox
38,51,class Fox
25,51,class Fox
453,52,class Fox
897,52,class Fox
745,52,class Fox
949,52,class Fox
49,52,class Fox
44,52,class Fox
16,52,class Fox
647,53,class Fox
46,53,class Fox
31,53,class Fox
6,53,class Fox
43,54,class Fox
769,55,class Fox
734,55,class Fox
657,55,class Fox
1091,55,class Fox
28,55,class Fox
4,55,class Fox
576,56,class Fox
39,56,class Fox
26,56,class Fox
614,57,class Fox
1068,57,class Fox
1091,57,class Fox
47,57,class Fox
31,57,class Fox
913,58,class Fox
348,58,class Fox
1091,58,class Fox
374,58,class Fox
39,58,class Fox
38,58,class Fox
19,58,class Fox
459,59,class Fox
953,59,class Fox
418,59,class Fox
50,59,class Fox
29,59,class Fox
24,59,class Fox
1,59,class Fox
37,60,class Fox
8,60,class Fox
372,61,class Fox
1091,61,class Fox
444,61,class Fox
1091,61,class Fox
742,61,class Fox
1091,61,class Fox
60,61,class Fox
60,61,class Fox
30,61,class Fox
9,61,class Fox
850,62,class Fox
201,62,class Fox
921,62,class Fox
593,62,class Fox
61,62,class Fox
60,62,class Fox
60,62,class Fox
50,62,class Fox
276,63,class Fox
494,63,class Fox
62,63,class Fox
61,63,class Fox
60,63,class Fox
60,63,class Fox
60,63,class Fox
58,63,class Fox
57,63,class Fox
43,63,class Fox
30,63,class Fox
20,63,class Fox
566,64,class Fox
1091,64,class Fox
193,64,class Fox
105,64,class Fox
60,64,class Fox
55,64,class Fox
54,64,class Fox
46,64,class Fox
23,64,class Fox
357,65,class Fox
854,65,class Fox
63,65,class Fox
60,65,class Fox
784,66,class Fox
1033,66,class Fox
60,66,class Fox
60,66,class Fox
60,66,class Fox
60,66,class Fox
58,66,class Fox
43,66,class Fox
27,66,class Fox
327,67,class Fox
596,67,class Fox
64,67,class Fox
64,67,class Fox
63,67,class Fox
60,67,class Fox
60,67,class Fox
60,67,class Fox
60,67,class Fox
52,67,class Fox
47,67,class Fox
26,67,class Fox
20,67,class Fox
580,68,class Fox
1019,68,class Fox
345,68,class Fox
464,68,class Fox
64,68,class Fox
60,68,class Fox
60,68,class Fox
60,68,class Fox
60,68,class Fox
55,68,class Fox
20,68,class Fox
17,68,class Fox
1,68,class Fox
411,69,class Fox
60,69,class Fox
60,69,class Fox
58,69,class Fox
43,69,class Fox
16,69,class Fox
12,69,class Fox
952,70,class Fox
1078,70,class Fox
284,70,class Fox
646,70,class Fox
1091,70,class Fox
892,70,class Fox
47,70,class Fox
46,70,class Fox
40,70,class Fox
36,70,class Fox
196,71,class Fox
60,71,class Fox
60,71,class Fox
60,71,class Fox
60,71,class Fox
60,71,class Fox
60,71,class Fox
51,71,class Fox
45,71,class Fox
43,71,class Fox
283,72,class Fox
231,72,class Fox
1091,72,class Fox
309,72,class Fox
354,72,class Fox
68,72,class Fox
61,72,class Fox
60,72,class Fox
60,72,class Fox
60,72,class Fox
22,72,class Fox
18,72,class Fox
1,72,class Fox
302,73,class Fox
1091,73,class Fox
525,73,class Fox
64,73,class Fox
63,73,class Fox
62,73,class Fox
61,73,class Fox
60,73,class Fox
56,73,class Fox
31,73,class Fox
10,73,class Fox
6,73,class Fox
3,73,class Fox
777,74,class Fox
182,74,class Fox
602,74,class Fox
68,74,class Fox
60,74,class Fox
54,74,class Fox
48,74,class Fox
3,74,class Fox
120,75,class Fox
72,75,class Fox
43,75,class Fox
34,75,class Fox
481,76,class Fox
393,76,class Fox
421,76,class Fox
60,76,class Fox
54,76,class Fox
53,76,class Fox
46,76,class Fox
1091,77,class Fox
1045,77,class Fox
162,77,class Fox
1091,77,class Fox
478,77,class Fox
822,77,class Fox
69,77,class Fox
69,77,class Fox
60,77,class Fox
59,77,class Fox
51,77,class Fox
215,78,class Fox
181,78,class Fox
76,78,class Fox
73,78,class Fox
68,78,class Fox
67,78,class Fox
58,78,class Fox
45,78,class Fox
32,78,class Fox
19,78,class Fox
485,79,class Fox
538,79,class Fox
470,79,class Fox
76,79,class Fox
60,79,class Fox
60,79,class Fox
36,79,class Fox
5,79,class Fox
4,79,class Fox
384,80,class Fox
222,80,class Fox
190,80,class Fox
806,80,class Fox
565,80,class Fox
79,80,class Fox
75,80,class Fox
73,80,class Fox
73,80,class Fox
60,80,class Fox
60,80,class Fox
60,80,class Fox
60,80,class Fox
50,80,class Fox
32,80,class Fox
1042,81,class Fox
630,81,class Fox
1091,81,class Fox
971,81,class Fox
757,81,class Fox
818,81,class Fox
77,81,class Fox
60,81,class Fox
37,81,class Fox
13,81,class Fox
308,82,class Fox
712,82,class Fox
1091,82,class Fox
76,82,class Fox
72,82,class Fox
65,82,class Fox
65,82,class Fox
62,82,class Fox
60,82,class Fox
60,82,class Fox
60,82,class Fox
60,82,class Fox
60,82,class Fox
57,82,class Fox
36,82,class Fox
2,82,class Fox
884,83,class Fox
719,83,class Fox
77,83,class Fox
72,83,class Fox
68,83,class Fox
68,83,class Fox
67,83,class Fox
60,83,class Fox
732,84,class Fox
306,84,class Fox
80,84,class Fox
70,84,class Fox
68,84,class Fox
60,84,class Fox
60,84,class Fox
43,84,class Fox
17,84,class Fox
267,85,class Fox
124,85,class Fox
365,85,class Fox
911,85,class Fox
386,85,class Fox
236,85,class Fox
81,85,class Fox
75,85,class Fox
74,85,class Fox
60,85,class Fox
60,85,class Fox
60,85,class Fox
22,85,class Fox
10,85,class Fox
5,85,class Fox
311,86,class Fox
1091,86,class Fox
85,86,class Fox
69,86,class Fox
67,86,class Fox
67,86,class Fox
60,86,class Fox
60,86,class Fox
36,86,class Fox
13,86,class Fox
993,87,class Fox
1083,87,class Fox
126,87,class Fox
131,87,class Fox
86,87,class Fox
85,87,class Fox
74,87,class Fox
66,87,class Fox
66,87,class Fox
24,87,class Fox
8,87,class Fox
1091,88,class Fox
1043,88,class Fox
284,88,class Fox
951,88,class Fox
82,88,class Fox
82,88,class Fox
63,88,class Fox
61,88,class Fox
60,88,class Fox
58,88,class Fox
33,88,class Fox
14,88,class Fox
1,88,class Fox
195,89,class Fox
83,89,class Fox
77,89,class Fox
73,89,class Fox
73,89,class Fox
60,89,class Fox
60,89,class Fox
35,89,class Fox
35,89,class Fox
34,89,class Fox
21,89,class Fox
8,89,class Fox
158,90,class Fox
211,90,class Fox
247,90,class Fox
79,90,class Fox
76,90,class Fox
65,90,class Fox
64,90,class Fox
60,90,class Fox
60,90,class Fox
60,90,class Fox
60,90,class Fox
8,90,class Fox
1053,91,class Fox
1091,91,class Fox
1091,91,class Fox
775,91,class Fox
86,91,class Fox
84,91,class Fox
80,91,class Fox
995,92,class Fox
472,92,class Fox
166,92,class Fox
73,92,class Fox
60,92,class Fox
59,92,class Fox
44,92,class Fox
41,92,class Fox
29,92,class Fox
13,92,class Fox
120,93,class Fox
210,93,class Fox
512,93,class Fox
92,93,class Fox
76,93,class Fox
68,93,class Fox
60,93,class Fox
60,93,class Fox
60,93,class Fox
60,93,class Fox
34,93,class Fox
32,93,class Fox
29,93,class Fox
839,94,class Fox
713,94,class Fox
843,94,class Fox
194,94,class Fox
501,94,class Fox
723,94,class Fox
921,94,class Fox
731,94,class Fox
80,94,class Fox
75,94,class Fox
75,94,class Fox
66,94,class Fox
51,94,class Fox
631,95,class Fox
465,95,class Fox
87,95,class Fox
75,95,class Fox
69,95,class Fox
60,95,class Fox
60,95,class Fox
56,95,class Fox
51,95,class Fox
38,95,class Fox
20,95,class Fox
624,96,class Fox
938,96,class Fox
1091,96,class Fox
1091,96,class Fox
785,96,class Fox
60,96,class Fox
50,96,class Fox
49,96,class Fox
31,96,class Fox
311,97,class Fox
80,97,class Fox
80,97,class Fox
76,97,class Fox
60,97,class Fox
60,97,class Fox
60,97,class Fox
40,97,class Fox
36,97,class Fox
158,98,class Fox
1091,98,class Fox
1034,98,class Fox
85,98,class Fox
65,98,class Fox
60,98,class Fox
45,98,class Fox
34,98,class Fox
931,99,class Fox
568,99,class Fox
1091,99,class Fox
81,99,class Fox
60,99,class Fox
56,99,class Fox
35,99,class Fox
25,99,class Fox
10,99,class Fox
1,99,class Fox
170,100,class Fox
1091,100,class Fox
997,100,class Fox
99,100,class Fox
98,100,class Fox
95,100,class Fox
94,100,class Fox
94,100,class Fox
94,100,class Fox
92,100,class Fox
82,100,class Fox
65,100,class Fox
60,100,class Fox
60,100,class Fox
60,100,class Fox
47,100,class Fox
28,100,class Fox
23,100,class Fox
1,100,class Fox
344,101,class Fox
263,101,class Fox
1045,101,class Fox
945,101,class Fox
82,101,class Fox
82,101,class Fox
72,101,class Fox
72,101,class Fox
60,101,class Fox
60,101,class Fox
60,101,class Fox
60,101,class Fox
60,101,class Fox
59,101,class Fox
52,101,class Fox
2,101,class Fox
986,102,class Fox
471,102,class Fox
1091,102,class Fox
90,102,class Fox
85,102,class Fox
79,102,class Fox
72,102,class Fox
69,102,class Fox
60,102,class Fox
60,102,class Fox
60,102,class Fox
60,102,class Fox
60,102,class Fox
52,102,class Fox
46,102,class Fox
1091,103,class Fox
362,103,class Fox
466,103,class Fox
102,103,class Fox
102,103,class Fox
99,103,class Fox
89,103,class Fox
86,103,class Fox
69,103,class Fox
66,103,class Fox
63,103,class Fox
60,103,class Fox
51,103,class Fox
1091,104,class Fox
988,104,class Fox
704,104,class Fox
203,104,class Fox
783,104,class Fox
96,104,class Fox
92,104,class Fox
90,104,class Fox
88,104,class Fox
80,104,class Fox
79,104,class Fox
61,104,class Fox
60,104,class Fox
60,104,class Fox
60,104,class Fox
53,104,class Fox
37,104,class Fox
34,104,class Fox
31,104,class Fox
30,104,class Fox
25,104,class Fox
356,105,class Fox
867,105,class Fox
251,105,class Fox
101,105,class Fox
88,105,class Fox
72,105,class Fox
63,105,class Fox
62,105,class Fox
61,105,class Fox
60,105,class Fox
60,105,class Fox
49,105,class Fox
43,105,class Fox
42,105,class Fox
38,105,class Fox
38,105,class Fox
307,106,class Fox
781,106,class Fox
1091,106,class Fox
102,106,class Fox
101,106,class Fox
94,106,class Fox
87,106,class Fox
67,106,class Fox
67,106,class Fox
60,106,class Fox
60,106,class Fox
106,107,class Fox
102,107,class Fox
87,107,class Fox
66,107,class Fox
60,107,class Fox
60,107,class Fox
60,107,class Fox
50,107,class Fox
22,107,class Fox
1058,108,class Fox
98,108,class Fox
90,108,class Fox
87,108,class Fox
75,108,class Fox
68,108,class Fox
62,108,class Fox
60,108,class Fox
56,108,class Fox
55,108,class Fox
18,108,class Fox
904,109,class Fox
1091,109,class Fox
1015,109,class Fox
494,109,class Fox
100,109,class Fox
99,109,class Fox
84,109,class Fox
82,109,class Fox
72,109,class Fox
67,109,class Fox
63,109,class Fox
60,109,class Fox
60,109,class Fox
46,109,class Fox
29,109,class Fox
25,109,class Fox
835,110,class Fox
1086,110,class Fox
576,110,class Fox
1091,110,class Fox
372,110,class Fox
96,110,class Fox
64,110,class Fox
60,110,class Fox
60,110,class Fox
55,110,class Fox
53,110,class Fox
47,110,class Fox
29,110,class Fox
8,110,class Fox
370,111,class Fox
720,111,class Fox
1091,111,class Fox
1081,111,class Fox
517,111,class Fox
110,111,class Fox
110,111,class Fox
109,111,class Fox
94,111,class Fox
88,111,class Fox
83,111,class Fox
60,111,class Fox
60,111,class Fox
60,111,class Fox
56,111,class Fox
48,111,class Fox
47,111,class Fox
35,111,class Fox
817,112,class Fox
558,112,class Fox
660,112,class Fox
385,112,class Fox
1091,112,class Fox
712,112,class Fox
95,112,class Fox
75,112,class Fox
69,112,class Fox
67,112,class Fox
60,112,class Fox
60,112,class Fox
42,112,class Fox
37,112,class Fox
24,112,class Fox
882,113,class Fox
671,113,class Fox
283,113,class Fox
102,113,class Fox
93,113,class Fox
74,113,class Fox
71,113,class Fox
70,113,class Fox
69,113,class Fox
67,113,class Fox
66,113,class Fox
60,113,class Fox
60,113,class Fox
60,113,class Fox
60,113,class Fox
41,113,class Fox
27,113,class Fox
19,113,class Fox
15,113,class Fox
140,114,class Fox
112,114,class Fox
112,114,class Fox
102,114,class Fox
93,114,class Fox
87,114,class Fox
84,114,class Fox
72,114,class Fox
68,114,class Fox
68,114,class Fox
68,114,class Fox
66,114,class Fox
60,114,class Fox
60,114,class Fox
60,114,class Fox
60,114,class Fox
60,114,class Fox
51,114,class Fox
620,115,class Fox
509,115,class Fox
101,115,class Fox
94,115,class Fox
72,115,class Fox
65,115,class Fox
60,115,class Fox
60,115,class Fox
55,115,class Fox
24,115,class Fox
10,115,class Fox
1075,116,class Fox
226,116,class Fox
111,116,class Fox
102,116,class Fox
95,116,class Fox
88,116,class Fox
87,116,class Fox
85,116,class Fox
74,116,class Fox
72,116,class Fox
71,116,class Fox
70,116,class Fox
69,116,class Fox
67,116,class Fox
60,116,class Fox
60,116,class Fox
60,116,class Fox
49,116,class Fox
29,116,class Fox
11,116,class Fox
205,117,class Fox
746,117,class Fox
108,117,class Fox
104,117,class Fox
100,117,class Fox
99,117,class Fox
94,117,class Fox
92,117,class Fox
91,117,class Fox
87,117,class Fox
70,117,class Fox
60,117,class Fox
20,117,class Fox
20,117,class Fox
10,117,class Fox
294,118,class Fox
1000,118,class Fox
581,118,class Fox
113,118,class Fox
108,118,class Fox
104,118,class Fox
90,118,class Fox
85,118,class Fox
61,118,class Fox
60,118,class Fox
60,118,class Fox
60,118,class Fox
55,118,class Fox
45,118,class Fox
43,118,class Fox
1,118,class Fox
518,119,class Fox
1053,119,class Fox
105,119,class Fox
105,119,class Fox
92,119,class Fox
75,119,class Fox
72,119,class Fox
66,119,class Fox
62,119,class Fox
60,119,class Fox
60,119,class Fox
57,119,class Fox
52,119,class Fox
32,119,class Fox
598,120,class Fox
595,120,class Fox
330,120,class Fox
295,120,class Fox
119,120,class Fox
109,120,class Fox
107,120,class Fox
107,120,class Fox
97,120,class Fox
79,120,class Fox
73,120,class Fox
27,120,class Fox
16,120,class Fox
534,121,class Fox
288,121,class Fox
404,121,class Fox
1091,121,class Fox
811,121,class Fox
105,121,class Fox
98,121,class Fox
96,121,class Fox
92,121,class Fox
81,121,class Fox
74,121,class Fox
69,121,class Fox
67,121,class Fox
30,121,class Fox
29,121,class Fox
15,121,class Fox
2,121,class Fox
662,122,class Fox
631,122,class Fox
756,122,class Fox
956,122,class Fox
121,122,class Fox
119,122,class Fox
116,122,class Fox
113,122,class Fox
103,122,class Fox
88,122,class Fox
87,122,class Fox
79,122,class Fox
68,122,class Fox
67,122,class Fox
47,122,class Fox
23,122,class Fox
12,122,class Fox
697,123,class Fox
369,123,class Fox
996,123,class Fox
971,123,class Fox
115,123,class Fox
110,123,class Fox
105,123,class Fox
103,123,class Fox
102,123,class Fox
100,123,class Fox
90,123,class Fox
84,123,class Fox
72,123,class Fox
60,123,class Fox
60,123,class Fox
60,123,class Fox
60,123,class Fox
60,123,class Fox
47,123,class Fox
24,123,class Fox
449,124,class Fox
832,124,class Fox
118,124,class Fox
117,124,class Fox
112,124,class Fox
101,124,class Fox
91,124,class Fox
87,124,class Fox
87,124,class Fox
86,124,class Fox
83,124,class Fox
78,124,class Fox
68,124,class Fox
65,124,class Fox
60,124,class Fox
19,124,class Fox
17,124,class Fox
369,125,class Fox
1091,125,class Fox
905,125,class Fox
1091,125,class Fox
123,125,class Fox
107,125,class Fox
106,125,class Fox
88,125,class Fox
84,125,class Fox
82,125,class Fox
73,125,class Fox
60,125,class Fox
60,125,class Fox
60,125,class Fox
60,125,class Fox
60,125,class Fox
36,125,class Fox
18,125,class Fox
124,126,class Fox
87,126,class Fox
83,126,class Fox
69,126,class Fox
60,126,class Fox
60,126,class Fox
60,126,class Fox
40,126,class Fox
37,126,class Fox
24,126,class Fox
1077,127,class Fox
126,127,class Fox
123,127,class Fox
115,127,class Fox
107,127,class Fox
101,127,class Fox
100,127,class Fox
97,127,class Fox
94,127,class Fox
84,127,class Fox
69,127,class Fox
65,127,class Fox
64,127,class Fox
60,127,class Fox
60,127,class Fox
60,127,class Fox
6,127,class Fox
5,127,class Fox
484,128,class Fox
119,128,class Fox
117,128,class Fox
109,128,class Fox
89,128,class Fox
78,128,class Fox
74,128,class Fox
70,128,class Fox
70,128,class Fox
68,128,class Fox
65,128,class Fox
63,128,class Fox
60,128,class Fox
60,128,class Fox
60,128,class Fox
60,128,class Fox
60,128,class Fox
60,128,class Fox
60,128,class Fox
59,128,class Fox
774,129,class Fox
126,129,class Fox
123,129,class Fox
120,129,class Fox
118,129,class Fox
84,129,class Fox
79,129,class Fox
67,129,class Fox
64,129,class Fox
60,129,class Fox
60,129,class Fox
60,129,class Fox
18,129,class Fox
1091,130,class Fox
998,130,class Fox
1021,130,class Fox
1091,130,class Fox
647,130,class Fox
119,130,class Fox
119,130,class Fox
109,130,class Fox
101,130,class Fox
101,130,class Fox
73,130,class Fox
72,130,class Fox
60,130,class Fox
60,130,class Fox
54,130,class Fox
16,130,class Fox
3,130,class Fox
845,131,class Fox
164,131,class Fox
129,131,class Fox
125,131,class Fox
89,131,class Fox
89,131,class Fox
80,131,class Fox
74,131,class Fox
72,131,class Fox
60,131,class Fox
60,131,class Fox
60,131,class Fox
57,131,class Fox
21,131,class Fox
12,131,class Fox
199,132,class Fox
328,132,class Fox
361,132,class Fox
500,132,class Fox
125,132,class Fox
116,132,class Fox
99,132,class Fox
60,132,class Fox
60,132,class Fox
60,132,class Fox
60,132,class Fox
60,132,class Fox
60,132,class Fox
56,132,class Fox
539,133,class Fox
626,133,class Fox
823,133,class Fox
834,133,class Fox
828,133,class Fox
1014,133,class Fox
120,133,class Fox
115,133,class Fox
96,133,class Fox
87,133,class Fox
69,133,class Fox
64,133,class Fox
61,133,class Fox
61,133,class Fox
60,133,class Fox
60,133,class Fox
60,133,class Fox
60,133,class Fox
60,133,class Fox
961,134,class Fox
1091,134,class Fox
606,134,class Fox
983,134,class Fox
85,134,class Fox
74,134,class Fox
71,134,class Fox
60,134,class Fox
60,134,class Fox
60,134,class Fox
60,134,class Fox
60,134,class Fox
60,134,class Fox
60,134,class Fox
60,134,class Fox
57,134,class Fox
52,134,class Fox
14,134,class Fox
457,135,class Fox
721,135,class Fox
969,135,class Fox
194,135,class Fox
929,135,class Fox
905,135,class Fox
132,135,class Fox
122,135,class Fox
96,135,class Fox
78,135,class Fox
76,135,class Fox
60,135,class Fox
60,135,class Fox
60,135,class Fox
60,135,class Fox
25,135,class Fox
796,136,class Fox
395,136,class Fox
1020,136,class Fox
129,136,class Fox
122,136,class Fox
122,136,class Fox
122,136,class Fox
116,136,class Fox
110,136,class Fox
100,136,class Fox
99,136,class Fox
87,136,class Fox
82,136,class Fox
69,136,class Fox
60,136,class Fox
60,136,class Fox
60,136,class Fox
60,136,class Fox
60,136,class Fox
60,136,class Fox
38,136,class Fox
37,136,class Fox
25,136,class Fox
1091,137,class Fox
339,137,class Fox
776,137,class Fox
372,137,class Fox
985,137,class Fox
133,137,class Fox
131,137,class Fox
126,137,class Fox
122,137,class Fox
116,137,class Fox
109,137,class Fox
106,137,class Fox
105,137,class Fox
100,137,class Fox
90,137,class Fox
88,137,class Fox
87,137,class Fox
66,137,class Fox
60,137,class Fox
35,137,class Fox
27,137,class Fox
23,137,class Fox
587,138,class Fox
136,138,class Fox
134,138,class Fox
132,138,class Fox
129,138,class Fox
122,138,class Fox
118,138,class Fox
101,138,class Fox
95,138,class Fox
89,138,class Fox
70,138,class Fox
68,138,class Fox
63,138,class Fox
60,138,class Fox
60,138,class Fox
60,138,class Fox
34,138,class Fox
19,138,class Fox
340,139,class Fox
707,139,class Fox
642,139,class Fox
432,139,class Fox
137,139,class Fox
128,139,class Fox
123,139,class Fox
122,139,class Fox
121,139,class Fox
121,139,class Fox
114,139,class Fox
109,139,class Fox
108,139,class Fox
106,139,class Fox
104,139,class Fox
98,139,class Fox
82,139,class Fox
63,139,class Fox
60,139,class Fox
60,139,class Fox
53,139,class Fox
52,139,class Fox
48,139,class Fox
777,140,class Fox
131,140,class Fox
128,140,class Fox
106,140,class Fox
81,140,class Fox
80,140,class Fox
63,140,class Fox
60,140,class Fox
60,140,class Fox
60,140,class Fox
28,140,class Fox
4,140,class Fox
1,140,class Fox
775,141,class Fox
409,141,class Fox
603,141,class Fox
1045,141,class Fox
981,141,class Fox
140,141,class Fox
134,141,class Fox
130,141,class Fox
118,141,class Fox
114,141,class Fox
111,141,class Fox
92,141,class Fox
71,141,class Fox
63,141,class Fox
60,141,class Fox
60,141,class Fox
60,141,class Fox
58,141,class Fox
5,141,class Fox
4,141,class Fox
3,141,class Fox
534,142,class Fox
366,142,class Fox
138,142,class Fox
126,142,class Fox
125,142,class Fox
116,142,class Fox
89,142,class Fox
87,142,class Fox
84,142,class Fox
83,142,class Fox
83,142,class Fox
77,142,class Fox
66,142,class Fox
60,142,class Fox
60,142,class Fox
60,142,class Fox
4,142,class Fox
567,143,class Fox
347,143,class Fox
623,143,class Fox
1076,143,class Fox
117,143,class Fox
117,143,class Fox
116,143,class Fox
114,143,class Fox
95,143,class Fox
83,143,class Fox
79,143,class Fox
79,143,class Fox
73,143,class Fox
72,143,class Fox
60,143,class Fox
57,143,class Fox
57,143,class Fox
46,143,class Fox
38,143,class Fox
4,143,class Fox
838,144,class Fox
776,144,class Fox
118,144,class Fox
114,144,class Fox
111,144,class Fox
78,144,class Fox
75,144,class Fox
69,144,class Fox
68,144,class Fox
63,144,class Fox
61,144,class Fox
60,144,class Fox
60,144,class Fox
60,144,class Fox
60,144,class Fox
60,144,class Fox
60,144,class Fox
49,144,class Fox
46,144,class Fox
36,144,class Fox
638,145,class Fox
126,145,class Fox
124,145,class Fox
120,145,class Fox
115,145,class Fox
107,145,class Fox
91,145,class Fox
88,145,class Fox
86,145,class Fox
80,145,class Fox
80,145,class Fox
60,145,class Fox
60,145,class Fox
1077,146,class Fox
128,146,class Fox
125,146,class Fox
121,146,class Fox
118,146,class Fox
108,146,class Fox
106,146,class Fox
103,146,class Fox
102,146,class Fox
98,146,class Fox
94,146,class Fox
79,146,class Fox
78,146,class Fox
70,146,class Fox
65,146,class Fox
59,146,class Fox
25,146,class Fox
19,146,class Fox
1073,147,class Fox
1091,147,class Fox
1064,147,class Fox
146,147,class Fox
143,147,class Fox
141,147,class Fox
136,147,class Fox
125,147,class Fox
124,147,class Fox
123,147,class Fox
122,147,class Fox
122,147,class Fox
115,147,class Fox
108,147,class Fox
96,147,class Fox
85,147,class Fox
83,147,class Fox
76,147,class Fox
72,147,class Fox
60,147,class Fox
60,147,class Fox
60,147,class Fox
24,147,class Fox
398,148,class Fox
144,148,class Fox
134,148,class Fox
121,148,class Fox
111,148,class Fox
110,148,class Fox
95,148,class Fox
81,148,class Fox
73,148,class Fox
60,148,class Fox
60,148,class Fox
58,148,class Fox
50,148,class Fox
33,148,class Fox
349,149,class Fox
679,149,class Fox
1004,149,class Fox
405,149,class Fox
137,149,class Fox
135,149,class Fox
121,149,class Fox
118,149,class Fox
103,149,class Fox
102,149,class Fox
101,149,class Fox
97,149,class Fox
97,149,class Fox
91,149,class Fox
81,149,class Fox
77,149,class Fox
77,149,class Fox
61,149,class Fox
60,149,class Fox
47,149,class Fox
776,150,class Fox
349,150,class Fox
137,150,class Fox
136,150,class Fox
124,150,class Fox
123,150,class Fox
100,150,class Fox
87,150,class Fox
85,150,class Fox
83,150,class Fox
79,150,class Fox
70,150,class Fox
63,150,class Fox
60,150,class Fox
60,150,class Fox
60,150,class Fox
60,150,class Fox
60,150,class Fox
45,150,class Fox
33,150,class Fox
30,150,class Fox
23,150,class Fox
1,150,class Fox
292,151,class Fox
150,151,class Fox
150,151,class Fox
149,151,class Fox
148,151,class Fox
143,151,class Fox
140,151,class Fox
132,151,class Fox
126,151,class Fox
108,151,class Fox
103,151,class Fox
98,151,class Fox
94,151,class Fox
92,151,class Fox
65,151,class Fox
61,151,class Fox
60,151,class Fox
39,151,class Fox
142,152,class Fox
140,152,class Fox
140,152,class Fox
136,152,class Fox
125,152,class Fox
115,152,class Fox
64,152,class Fox
60,152,class Fox
60,152,class Fox
60,152,class Fox
15,152,class Fox
6,152,class Fox
1089,153,class Fox
230,153,class Fox
147,153,class Fox
139,153,class Fox
133,153,class Fox
114,153,class Fox
112,153,class Fox
80,153,class Fox
79,153,class Fox
75,153,class Fox
75,153,class Fox
72,153,class Fox
70,153,class Fox
70,153,class Fox
60,153,class Fox
60,153,class Fox
225,154,class Fox
914,154,class Fox
390,154,class Fox
152,154,class Fox
145,154,class Fox
139,154,class Fox
136,154,class Fox
135,154,class Fox
133,154,class Fox
127,154,class Fox
118,154,class Fox
107,154,class Fox
102,154,class Fox
82,154,class Fox
79,154,class Fox
71,154,class Fox
66,154,class Fox
63,154,class Fox
62,154,class Fox
60,154,class Fox
33,154,class Fox
9,154,class Fox
586,155,class Fox
388,155,class Fox
96,155,class Fox
75,155,class Fox
71,155,class Fox
60,155,class Fox
60,155,class Fox
60,155,class Fox
30,155,class Fox
9,155,class Fox
6,155,class Fox
650,156,class Fox
185,156,class Fox
669,156,class Fox
588,156,class Fox
411,156,class Fox
150,156,class Fox
130,156,class Fox
123,156,class Fox
121,156,class Fox
118,156,class Fox
103,156,class Fox
101,156,class Fox
99,156,class Fox
87,156,class Fox
69,156,class Fox
68,156,class Fox
63,156,class Fox
60,156,class Fox
60,156,class Fox
60,156,class Fox
60,156,class Fox
1091,157,class Fox
971,157,class Fox
272,157,class Fox
153,157,class Fox
143,157,class Fox
140,157,class Fox
138,157,class Fox
131,157,class Fox
128,157,class Fox
128,157,class Fox
119,157,class Fox
102,157,class Fox
101,157,class Fox
90,157,class Fox
81,157,class Fox
75,157,class Fox
60,157,class Fox
60,157,class Fox
60,157,class Fox
60,157,class Fox
60,157,class Fox
60,157,class Fox
60,157,class Fox
60,157,class Fox
55,157,class Fox
14,157,class Fox
1091,158,class Fox
392,158,class Fox
136,158,class Fox
124,158,class Fox
117,158,class Fox
105,158,class Fox
67,158,class Fox
29,158,class Fox
26,158,class Fox
676,159,class Fox
997,159,class Fox
432,159,class Fox
562,159,class Fox
1054,159,class Fox
337,159,class Fox
155,159,class Fox
150,159,class Fox
149,159,class Fox
148,159,class Fox
140,159,class Fox
140,159,class Fox
129,159,class Fox
117,159,class Fox
111,159,class Fox
110,159,class Fox
101,159,class Fox
80,159,class Fox
60,159,class Fox
60,159,class Fox
36,159,class Fox
29,159,class Fox
778,160,class Fox
773,160,class Fox
1091,160,class Fox
696,160,class Fox
159,160,class Fox
125,160,class Fox
122,160,class Fox
117,160,class Fox
112,160,class Fox
74,160,class Fox
73,160,class Fox
64,160,class Fox
64,160,class Fox
62,160,class Fox
60,160,class Fox
41,160,class Fox
21,160,class Fox
152,161,class Fox
151,161,class Fox
149,161,class Fox
138,161,class Fox
127,161,class Fox
121,161,class Fox
119,161,class Fox
117,161,class Fox
98,161,class Fox
90,161,class Fox
82,161,class Fox
68,161,class Fox
68,161,class Fox
63,161,class Fox
60,161,class Fox
60,161,class Fox
60,161,class Fox
60,161,class Fox
58,161,class Fox
56,161,class Fox
49,161,class Fox
31,161,class Fox
749,162,class Fox
1091,162,class Fox
156,162,class Fox
154,162,class Fox
153,162,class Fox
148,162,class Fox
129,162,class Fox
110,162,class Fox
109,162,class Fox
104,162,class Fox
102,162,class Fox
67,162,class Fox
64,162,class Fox
60,162,class Fox
60,162,class Fox
60,162,class Fox
60,162,class Fox
584,163,class Fox
162,163,class Fox
157,163,class Fox
153,163,class Fox
152,163,class Fox
128,163,class Fox
126,163,class Fox
120,163,class Fox
115,163,class Fox
115,163,class Fox
96,163,class Fox
86,163,class Fox
69,163,class Fox
60,163,class Fox
60,163,class Fox
60,163,class Fox
60,163,class Fox
60,163,class Fox
284,164,class Fox
1028,164,class Fox
350,164,class Fox
150,164,class Fox
139,164,class Fox
134,164,class Fox
124,164,class Fox
123,164,class Fox
77,164,class Fox
66,164,class Fox
60,164,class Fox
998,165,class Fox
164,165,class Fox
159,165,class Fox
157,165,class Fox
139,165,class Fox
127,165,class Fox
111,165,class Fox
76,165,class Fox
63,165,class Fox
62,165,class Fox
60,165,class Fox
60,165,class Fox
60,165,class Fox
51,165,class Fox
404,166,class Fox
818,166,class Fox
165,166,class Fox
150,166,class Fox
134,166,class Fox
133,166,class Fox
124,166,class Fox
105,166,class Fox
68,166,class Fox
64,166,class Fox
62,166,class Fox
60,166,class Fox
60,166,class Fox
60,166,class Fox
60,166,class Fox
20,166,class Fox
462,167,class Fox
166,167,class Fox
156,167,class Fox
154,167,class Fox
149,167,class Fox
145,167,class Fox
134,167,class Fox
126,167,class Fox
115,167,class Fox
110,167,class Fox
95,167,class Fox
71,167,class Fox
60,167,class Fox
60,167,class Fox
28,167,class Fox
1069,168,class Fox
220,168,class Fox
167,168,class Fox
164,168,class Fox
159,168,class Fox
139,168,class Fox
130,168,class Fox
126,168,class Fox
122,168,class Fox
113,168,class Fox
111,168,class Fox
109,168,class Fox
107,168,class Fox
100,168,class Fox
93,168,class Fox
91,168,class Fox
89,168,class Fox
87,168,class Fox
80,168,class Fox
63,168,class Fox
60,168,class Fox
60,168,class Fox
60,168,class Fox
33,168,class Fox
25,168,class Fox
603,169,class Fox
668,169,class Fox
490,169,class Fox
134,169,class Fox
129,169,class Fox
124,169,class Fox
109,169,class Fox
105,169,class Fox
102,169,class Fox
99,169,class Fox
87,169,class Fox
81,169,class Fox
81,169,class Fox
77,169,class Fox
77,169,class Fox
71,169,class Fox
67,169,class Fox
12,169,class Fox
949,170,class Fox
169,170,class Fox
151,170,class Fox
150,170,class Fox
146,170,class Fox
141,170,class Fox
137,170,class Fox
134,170,class Fox
131,170,class Fox
123,170,class Fox
112,170,class Fox
108,170,class Fox
92,170,class Fox
83,170,class Fox
79,170,class Fox
72,170,class Fox
65,170,class Fox
39,170,class Fox
358,171,class Fox
153,171,class Fox
150,171,class Fox
141,171,class Fox
98,171,class Fox
97,171,class Fox
80,171,class Fox
76,171,class Fox
75,171,class Fox
63,171,class Fox
62,171,class Fox
60,171,class Fox
47,171,class Fox
591,172,class Fox
1030,172,class Fox
384,172,class Fox
171,172,class Fox
162,172,class Fox
161,172,class Fox
146,172,class Fox
130,172,class Fox
119,172,class Fox
107,172,class Fox
81,172,class Fox
79,172,class Fox
62,172,class Fox
60,172,class Fox
60,172,class Fox
60,172,class Fox
60,172,class Fox
60,172,class Fox
57,172,class Fox
508,173,class Fox
1091,173,class Fox
429,173,class Fox
172,173,class Fox
166,173,class Fox
162,173,class Fox
147,173,class Fox
138,173,class Fox
74,173,class Fox
72,173,class Fox
60,173,class Fox
60,173,class Fox
60,173,class Fox
807,174,class Fox
155,174,class Fox
137,174,class Fox
133,174,class Fox
108,174,class Fox
103,174,class Fox
86,174,class Fox
82,174,class Fox
73,174,class Fox
69,174,class Fox
66,174,class Fox
60,174,class Fox
174,175,class Fox
164,175,class Fox
162,175,class Fox
141,175,class Fox
139,175,class Fox
131,175,class Fox
124,175,class Fox
118,175,class Fox
113,175,class Fox
105,175,class Fox
104,175,class Fox
95,175,class Fox
90,175,class Fox
88,175,class Fox
80,175,class Fox
60,175,class Fox
60,175,class Fox
60,175,class Fox
60,175,class Fox
241,176,class Fox
155,176,class Fox
154,176,class Fox
149,176,class Fox
144,176,class Fox
139,176,class Fox
120,176,class Fox
119,176,class Fox
119,176,class Fox
113,176,class Fox
110,176,class Fox
103,176,class Fox
98,176,class Fox
80,176,class Fox
76,176,class Fox
68,176,class Fox
60,176,class Fox
60,176,class Fox
60,176,class Fox
60,176,class Fox
52,176,class Fox
24,176,class Fox
18,176,class Fox
1091,177,class Fox
1006,177,class Fox
155,177,class Fox
140,177,class Fox
131,177,class Fox
125,177,class Fox
109,177,class Fox
97,177,class Fox
94,177,class Fox
90,177,class Fox
84,177,class Fox
72,177,class Fox
71,177,class Fox
69,177,class Fox
64,177,class Fox
63,177,class Fox
60,177,class Fox
60,177,class Fox
60,177,class Fox
60,177,class Fox
60,177,class Fox
53,177,class Fox
1091,178,class Fox
756,178,class Fox
1091,178,class Fox
173,178,class Fox
172,178,class Fox
172,178,class Fox
169,178,class Fox
165,178,class Fox
144,178,class Fox
134,178,class Fox
115,178,class Fox
115,178,class Fox
111,178,class Fox
110,178,class Fox
100,178,class Fox
99,178,class Fox
94,178,class Fox
80,178,class Fox
61,178,class Fox
60,178,class Fox
60,178,class Fox
60,178,class Fox
42,178,class Fox
1043,179,class Fox
643,179,class Fox
173,179,class Fox
162,179,class Fox
161,179,class Fox
151,179,class Fox
149,179,class Fox
112,179,class Fox
106,179,class Fox
103,179,class Fox
99,179,class Fox
75,179,class Fox
62,179,class Fox
60,179,class Fox
60,179,class Fox
60,179,class Fox
60,179,class Fox
60,179,class Fox
42,179,class Fox
1091,180,class Fox
1041,180,class Fox
179,180,class Fox
172,180,class Fox
171,180,class Fox
162,180,class Fox
154,180,class Fox
152,180,class Fox
117,180,class Fox
107,180,class Fox
84,180,class Fox
83,180,class Fox
62,180,class Fox
60,180,class Fox
60,180,class Fox
19,180,class Fox
1091,181,class Fox
648,181,class Fox
161,181,class Fox
137,181,class Fox
134,181,class Fox
131,181,class Fox
123,181,class Fox
62,181,class Fox
60,181,class Fox
60,181,class Fox
60,181,class Fox
60,181,class Fox
60,181,class Fox
175,182,class Fox
173,182,class Fox
169,182,class Fox
159,182,class Fox
139,182,class Fox
139,182,class Fox
139,182,class Fox
129,182,class Fox
124,182,class Fox
115,182,class Fox
107,182,class Fox
102,182,class Fox
99,182,class Fox
95,182,class Fox
84,182,class Fox
77,182,class Fox
61,182,class Fox
60,182,class Fox
60,182,class Fox
60,182,class Fox
58,182,class Fox
30,182,class Fox
182,183,class Fox
178,183,class Fox
159,183,class Fox
150,183,class Fox
125,183,class Fox
111,183,class Fox
108,183,class Fox
106,183,class Fox
106,183,class Fox
97,183,class Fox
86,183,class Fox
62,183,class Fox
60,183,class Fox
60,183,class Fox
60,183,class Fox
60,183,class Fox
60,183,class Fox
35,183,class Fox
27,183,class Fox
726,184,class Fox
892,184,class Fox
460,184,class Fox
182,184,class Fox
176,184,class Fox
164,184,class Fox
160,184,class Fox
155,184,class Fox
154,184,class Fox
154,184,class Fox
153,184,class Fox
144,184,class Fox
140,184,class Fox
130,184,class Fox
129,184,class Fox
127,184,class Fox
115,184,class Fox
108,184,class Fox
106,184,class Fox
104,184,class Fox
101,184,class Fox
98,184,class Fox
97,184,class Fox
86,184,class Fox
86,184,class Fox
76,184,class Fox
60,184,class Fox
60,184,class Fox
60,184,class Fox
50,184,class Fox
39,184,class Fox
1,184,class Fox
608,185,class Fox
1091,185,class Fox
630,185,class Fox
180,185,class Fox
173,185,class Fox
148,185,class Fox
148,185,class Fox
146,185,class Fox
141,185,class Fox
132,185,class Fox
126,185,class Fox
121,185,class Fox
120,185,class Fox
114,185,class Fox
108,185,class Fox
99,185,class Fox
97,185,class Fox
90,185,class Fox
88,185,class Fox
80,185,class Fox
183,186,class Fox
176,186,class Fox
169,186,class Fox
110,186,class Fox
106,186,class Fox
100,186,class Fox
81,186,class Fox
78,186,class Fox
78,186,class Fox
72,186,class Fox
71,186,class Fox
67,186,class Fox
66,186,class Fox
60,186,class Fox
60,186,class Fox
38,186,class Fox
1,186,class Fox
578,187,class Fox
185,187,class Fox
161,187,class Fox
131,187,class Fox
120,187,class Fox
108,187,class Fox
82,187,class Fox
76,187,class Fox
60,187,class Fox
60,187,class Fox
60,187,class Fox
60,187,class Fox
60,187,class Fox
60,187,class Fox
60,187,class Fox
60,187,class Fox
31,187,class Fox
28,187,class Fox
28,187,class Fox
3,187,class Fox
359,188,class Fox
160,188,class Fox
151,188,class Fox
147,188,class Fox
136,188,class Fox
132,188,class Fox
107,188,class Fox
92,188,class Fox
73,188,class Fox
72,188,class Fox
72,188,class Fox
68,188,class Fox
64,188,class Fox
981,189,class Fox
215,189,class Fox
188,189,class Fox
178,189,class Fox
166,189,class Fox
143,189,class Fox
137,189,class Fox
131,189,class Fox
130,189,class Fox
113,189,class Fox
108,189,class Fox
107,189,class Fox
87,189,class Fox
82,189,class Fox
81,189,class Fox
60,189,class Fox
1033,190,class Fox
953,190,class Fox
189,190,class Fox
179,190,class Fox
161,190,class Fox
161,190,class Fox
151,190,class Fox
142,190,class Fox
123,190,class Fox
117,190,class Fox
88,190,class Fox
70,190,class Fox
60,190,class Fox
60,190,class Fox
51,190,class Fox
11,190,class Fox
1,190,class Fox
580,191,class Fox
506,191,class Fox
581,191,class Fox
182,191,class Fox
177,191,class Fox
168,191,class Fox
156,191,class Fox
126,191,class Fox
124,191,class Fox
108,191,class Fox
106,191,class Fox
104,191,class Fox
86,191,class Fox
83,191,class Fox
71,191,class Fox
60,191,class Fox
60,191,class Fox
60,191,class Fox
60,191,class Fox
60,191,class Fox
21,191,class Fox
20,191,class Fox
859,192,class Fox
452,192,class Fox
998,192,class Fox
143,192,class Fox
112,192,class Fox
92,192,class Fox
76,192,class Fox
76,192,class Fox
75,192,class Fox
74,192,class Fox
49,192,class Fox
34,192,class Fox
188,193,class Fox
185,193,class Fox
175,193,class Fox
175,193,class Fox
175,193,class Fox
168,193,class Fox
161,193,class Fox
149,193,class Fox
146,193,class Fox
142,193,class Fox
139,193,class Fox
120,193,class Fox
103,193,class Fox
92,193,class Fox
88,193,class Fox
41,193,class Fox
8,193,class Fox
1027,194,class Fox
185,194,class Fox
181,194,class Fox
174,194,class Fox
168,194,class Fox
167,194,class Fox
162,194,class Fox
154,194,class Fox
153,194,class Fox
127,194,class Fox
118,194,class Fox
114,194,class Fox
100,194,class Fox
97,194,class Fox
95,194,class Fox
79,194,class Fox
70,194,class Fox
65,194,class Fox
60,194,class Fox
60,194,class Fox
31,194,class Fox
7,194,class Fox
194,195,class Fox
189,195,class Fox
156,195,class Fox
116,195,class Fox
98,195,class Fox
97,195,class Fox
80,195,class Fox
75,195,class Fox
60,195,class Fox
927,196,class Fox
183,196,class Fox
179,196,class Fox
175,196,class Fox
154,196,class Fox
127,196,class Fox
117,196,class Fox
116,196,class Fox
107,196,class Fox
98,196,class Fox
64,196,class Fox
62,196,class Fox
60,196,class Fox
60,196,class Fox
60,196,class Fox
42,196,class Fox
384,197,class Fox
190,197,class Fox
178,197,class Fox
154,197,class Fox
143,197,class Fox
130,197,class Fox
105,197,class Fox
60,197,class Fox
1091,198,class Fox
186,198,class Fox
180,198,class Fox
178,198,class Fox
157,198,class Fox
144,198,class Fox
130,198,class Fox
124,198,class Fox
124,198,class Fox
123,198,class Fox
97,198,class Fox
88,198,class Fox
69,198,class Fox
63,198,class Fox
60,198,class Fox
60,198,class Fox
60,198,class Fox
16,198,class Fox
971,199,class Fox
270,199,class Fox
174,199,class Fox
173,199,class Fox
166,199,class Fox
157,199,class Fox
137,199,class Fox
121,199,class Fox
107,199,class Fox
107,199,class Fox
105,199,class Fox
93,199,class Fox
89,199,class Fox
87,199,class Fox
79,199,class Fox
65,199,class Fox
65,199,class Fox
65,199,class Fox
60,199,class Fox
60,199,class Fox
60,199,class Fox
60,199,class Fox
60,199,class Fox
704,200,class Fox
177,200,class Fox
153,200,class Fox
151,200,class Fox
150,200,class Fox
149,200,class Fox
136,200,class Fox
125,200,class Fox
115,200,class Fox
114,200,class Fox
104,200,class Fox
104,200,class Fox
103,200,class Fox
69,200,class Fox
66,200,class Fox
60,200,class Fox
60,200,class Fox
1084,201,class Fox
196,201,class Fox
161,201,class Fox
159,201,class Fox
158,201,class Fox
150,201,class Fox
148,201,class Fox
139,201,class Fox
99,201,class Fox
85,201,class Fox
81,201,class Fox
75,201,class Fox
67,201,class Fox
60,201,class Fox
55,201,class Fox
191,202,class Fox
182,202,class Fox
173,202,class Fox
162,202,class Fox
162,202,class Fox
127,202,class Fox
125,202,class Fox
125,202,class Fox
110,202,class Fox
108,202,class Fox
105,202,class Fox
94,202,class Fox
88,202,class Fox
60,202,class Fox
60,202,class Fox
60,202,class Fox
59,202,class Fox
195,203,class Fox
163,203,class Fox
147,203,class Fox
145,203,class Fox
137,203,class Fox
127,203,class Fox
120,203,class Fox
93,203,class Fox
83,203,class Fox
80,203,class Fox
76,203,class Fox
60,203,class Fox
60,203,class Fox
60,203,class Fox
45,203,class Fox
186,204,class Fox
176,204,class Fox
148,204,class Fox
75,204,class Fox
69,204,class Fox
68,204,class Fox
61,204,class Fox
60,204,class Fox
60,204,class Fox
60,204,class Fox
60,204,class Fox
60,204,class Fox
60,204,class Fox
30,204,class Fox
286,205,class Fox
191,205,class Fox
187,205,class Fox
170,205,class Fox
168,205,class Fox
165,205,class Fox
164,205,class Fox
163,205,class Fox
157,205,class Fox
157,205,class Fox
137,205,class Fox
63,205,class Fox
62,205,class Fox
60,205,class Fox
46,205,class Fox
17,205,class Fox
300,206,class Fox
548,206,class Fox
908,206,class Fox
356,206,class Fox
193,206,class Fox
187,206,class Fox
102,206,class Fox
88,206,class Fox
80,206,class Fox
80,206,class Fox
78,206,class Fox
77,206,class Fox
74,206,class Fox
60,206,class Fox
60,206,class Fox
26,206,class Fox
843,207,class Fox
199,207,class Fox
176,207,class Fox
154,207,class Fox
140,207,class Fox
137,207,class Fox
128,207,class Fox
77,207,class Fox
60,207,class Fox
60,207,class Fox
152,208,class Fox
132,208,class Fox
123,208,class Fox
120,208,class Fox
89,208,class Fox
81,208,class Fox
77,208,class Fox
76,208,class Fox
60,208,class Fox
60,208,class Fox
60,208,class Fox
847,209,class Fox
205,209,class Fox
202,209,class Fox
202,209,class Fox
196,209,class Fox
195,209,class Fox
181,209,class Fox
172,209,class Fox
135,209,class Fox
122,209,class Fox
70,209,class Fox
64,209,class Fox
60,209,class Fox
60,209,class Fox
60,209,class Fox
21,209,class Fox
8,209,class Fox
468,210,class Fox
207,210,class Fox
154,210,class Fox
145,210,class Fox
131,210,class Fox
105,210,class Fox
65,210,class Fox
64,210,class Fox
60,210,class Fox
1,210,class Fox
204,211,class Fox
182,211,class Fox
155,211,class Fox
96,211,class Fox
93,211,class Fox
201,212,class Fox
195,212,class Fox
193,212,class Fox
189,212,class Fox
166,212,class Fox
163,212,class Fox
147,212,class Fox
147,212,class Fox
145,212,class Fox
142,212,class Fox
137,212,class Fox
97,212,class Fox
60,212,class Fox
60,212,class Fox
60,212,class Fox
60,212,class Fox
60,212,class Fox
999,213,class Fox
553,213,class Fox
211,213,class Fox
208,213,class Fox
208,213,class Fox
189,213,class Fox
176,213,class Fox
175,213,class Fox
154,213,class Fox
150,213,class Fox
148,213,class Fox
112,213,class Fox
111,213,class Fox
97,213,class Fox
96,213,class Fox
92,213,class Fox
67,213,class Fox
60,213,class Fox
48,213,class Fox
44,213,class Fox
27,213,class Fox
21,213,class Fox
6,213,class Fox
1,213,class Fox
773,214,class Fox
1063,214,class Fox
208,214,class Fox
203,214,class Fox
186,214,class Fox
184,214,class Fox
169,214,class Fox
155,214,class Fox
147,214,class Fox
146,214,class Fox
142,214,class Fox
126,214,class Fox
108,214,class Fox
98,214,class Fox
93,214,class Fox
60,214,class Fox
60,214,class Fox
60,214,class Fox
44,214,class Fox
22,214,class Fox
13,214,class Fox
784,215,class Fox
252,215,class Fox
208,215,class Fox
206,215,class Fox
205,215,class Fox
186,215,class Fox
157,215,class Fox
156,215,class Fox
154,215,class Fox
148,215,class Fox
146,215,class Fox
146,215,class Fox
145,215,class Fox
127,215,class Fox
81,215,class Fox
76,215,class Fox
69,215,class Fox
61,215,class Fox
60,215,class Fox
60,215,class Fox
60,215,class Fox
60,215,class Fox
56,215,class Fox
781,216,class Fox
200,216,class Fox
195,216,class Fox
183,216,class Fox
177,216,class Fox
175,216,class Fox
163,216,class Fox
162,216,class Fox
148,216,class Fox
146,216,class Fox
145,216,class Fox
142,216,class Fox
141,216,class Fox
131,216,class Fox
107,216,class Fox
101,216,class Fox
95,216,class Fox
89,216,class Fox
33,216,class Fox
19,216,class Fox
326,217,class Fox
410,217,class Fox
213,217,class Fox
210,217,class Fox
201,217,class Fox
201,217,class Fox
196,217,class Fox
161,217,class Fox
119,217,class Fox
118,217,class Fox
113,217,class Fox
101,217,class Fox
83,217,class Fox
65,217,class Fox
60,217,class Fox
60,217,class Fox
211,218,class Fox
178,218,class Fox
164,218,class Fox
110,218,class Fox
100,218,class Fox
98,218,class Fox
60,218,class Fox
60,218,class Fox
17,218,class Fox
1091,219,class Fox
862,219,class Fox
215,219,class Fox
209,219,class Fox
207,219,class Fox
199,219,class Fox
133,219,class Fox
118,219,class Fox
95,219,class Fox
60,219,class Fox
442,220,class Fox
405,220,class Fox
208,220,class Fox
194,220,class Fox
170,220,class Fox
137,220,class Fox
123,220,class Fox
122,220,class Fox
119,220,class Fox
86,220,class Fox
81,220,class Fox
78,220,class Fox
77,220,class Fox
75,220,class Fox
64,220,class Fox
64,220,class Fox
62,220,class Fox
61,220,class Fox
60,220,class Fox
860,221,class Fox
208,221,class Fox
179,221,class Fox
145,221,class Fox
142,221,class Fox
133,221,class Fox
123,221,class Fox
114,221,class Fox
107,221,class Fox
64,221,class Fox
60,221,class Fox
60,221,class Fox
60,221,class Fox
950,222,class Fox
208,222,class Fox
174,222,class Fox
155,222,class Fox
148,222,class Fox
135,222,class Fox
133,222,class Fox
133,222,class Fox
105,222,class Fox
78,222,class Fox
66,222,class Fox
65,222,class Fox
60,222,class Fox
1091,223,class Fox
196,223,class Fox
186,223,class Fox
180,223,class Fox
141,223,class Fox
131,223,class Fox
126,223,class Fox
125,223,class Fox
88,223,class Fox
87,223,class Fox
76,223,class Fox
64,223,class Fox
758,224,class Fox
222,224,class Fox
221,224,class Fox
211,224,class Fox
207,224,class Fox
182,224,class Fox
166,224,class Fox
159,224,class Fox
145,224,class Fox
103,224,class Fox
101,224,class Fox
72,224,class Fox
68,224,class Fox
60,224,class Fox
60,224,class Fox
396,225,class Fox
216,225,class Fox
184,225,class Fox
174,225,class Fox
165,225,class Fox
125,225,class Fox
63,225,class Fox
60,225,class Fox
60,225,class Fox
60,225,class Fox
60,225,class Fox
775,226,class Fox
224,226,class Fox
217,226,class Fox
216,226,class Fox
181,226,class Fox
178,226,class Fox
163,226,class Fox
155,226,class Fox
145,226,class Fox
136,226,class Fox
108,226,class Fox
79,226,class Fox
56,226,class Fox
634,227,class Fox
629,227,class Fox
204,227,class Fox
185,227,class Fox
170,227,class Fox
154,227,class Fox
150,227,class Fox
147,227,class Fox
134,227,class Fox
131,227,class Fox
130,227,class Fox
111,227,class Fox
111,227,class Fox
103,227,class Fox
103,227,class Fox
86,227,class Fox
60,227,class Fox
60,227,class Fox
30,227,class Fox
255,228,class Fox
869,228,class Fox
1091,228,class Fox
800,228,class Fox
589,228,class Fox
217,228,class Fox
198,228,class Fox
191,228,class Fox
179,228,class Fox
177,228,class Fox
135,228,class Fox
105,228,class Fox
65,228,class Fox
64,228,class Fox
59,228,class Fox
219,229,class Fox
216,229,class Fox
195,229,class Fox
190,229,class Fox
158,229,class Fox
114,229,class Fox
89,229,class Fox
84,229,class Fox
60,229,class Fox
54,229,class Fox
53,229,class Fox
385,230,class Fox
226,230,class Fox
194,230,class Fox
189,230,class Fox
187,230,class Fox
177,230,class Fox
174,230,class Fox
173,230,class Fox
162,230,class Fox
144,230,class Fox
117,230,class Fox
62,230,class Fox
60,230,class Fox
442,231,class Fox
187,231,class Fox
118,231,class Fox
117,231,class Fox
94,231,class Fox
86,231,class Fox
60,231,class Fox
60,231,class Fox
60,231,class Fox
455,232,class Fox
740,232,class Fox
217,232,class Fox
146,232,class Fox
116,232,class Fox
104,232,class Fox
98,232,class Fox
97,232,class Fox
86,232,class Fox
80,232,class Fox
223,233,class Fox
196,233,class Fox
191,233,class Fox
150,233,class Fox
118,233,class Fox
103,233,class Fox
98,233,class Fox
72,233,class Fox
70,233,class Fox
281,234,class Fox
317,234,class Fox
1091,234,class Fox
222,234,class Fox
216,234,class Fox
215,234,class Fox
196,234,class Fox
191,234,class Fox
187,234,class Fox
180,234,class Fox
160,234,class Fox
149,234,class Fox
136,234,class Fox
126,234,class Fox
119,234,class Fox
116,234,class Fox
65,234,class Fox
7,234,class Fox
420,235,class Fox
219,235,class Fox
203,235,class Fox
192,235,class Fox
181,235,class Fox
141,235,class Fox
114,235,class Fox
94,235,class Fox
79,235,class Fox
678,236,class Fox
179,236,class Fox
149,236,class Fox
148,236,class Fox
115,236,class Fox
111,236,class Fox
102,236,class Fox
60,236,class Fox
60,236,class Fox
52,236,class Fox
231,237,class Fox
203,237,class Fox
202,237,class Fox
189,237,class Fox
139,237,class Fox
99,237,class Fox
76,237,class Fox
65,237,class Fox
61,237,class Fox
60,237,class Fox
60,237,class Fox
60,237,class Fox
60,237,class Fox
60,237,class Fox
49,237,class Fox
236,238,class Fox
224,238,class Fox
206,238,class Fox
168,238,class Fox
167,238,class Fox
163,238,class Fox
129,238,class Fox
124,238,class Fox
123,238,class Fox
73,238,class Fox
60,238,class Fox
60,238,class Fox
60,238,class Fox
60,238,class Fox
386,239,class Fox
196,239,class Fox
189,239,class Fox
186,239,class Fox
124,239,class Fox
119,239,class Fox
97,239,class Fox
89,239,class Fox
85,239,class Fox
60,239,class Fox
596,240,class Fox
234,240,class Fox
223,240,class Fox
219,240,class Fox
199,240,class Fox
194,240,class Fox
174,240,class Fox
170,240,class Fox
162,240,class Fox
155,240,class Fox
119,240,class Fox
97,240,class Fox
88,240,class Fox
81,240,class Fox
77,240,class Fox
75,240,class Fox
60,240,class Fox
60,240,class Fox
517,241,class Fox
238,241,class Fox
209,241,class Fox
198,241,class Fox
183,241,class Fox
169,241,class Fox
165,241,class Fox
156,241,class Fox
138,241,class Fox
93,241,class Fox
65,241,class Fox
732,242,class Fox
189,242,class Fox
189,242,class Fox
159,242,class Fox
118,242,class Fox
71,242,class Fox
60,242,class Fox
60,242,class Fox
60,242,class Fox
60,242,class Fox
60,242,class Fox
60,242,class Fox
60,242,class Fox
41,242,class Fox
760,243,class Fox
238,243,class Fox
183,243,class Fox
99,243,class Fox
95,243,class Fox
66,243,class Fox
60,243,class Fox
366,244,class Fox
280,244,class Fox
240,244,class Fox
230,244,class Fox
226,244,class Fox
185,244,class Fox
177,244,class Fox
103,244,class Fox
86,244,class Fox
60,244,class Fox
60,244,class Fox
194,245,class Fox
176,245,class Fox
174,245,class Fox
23,245,class Fox
3,245,class Fox
245,246,class Fox
221,246,class Fox
220,246,class Fox
204,246,class Fox
191,246,class Fox
178,246,class Fox
127,246,class Fox
60,246,class Fox
60,246,class Fox
60,246,class Fox
46,246,class Fox
764,247,class Fox
186,247,class Fox
172,247,class Fox
131,247,class Fox
116,247,class Fox
89,247,class Fox
82,247,class Fox
895,248,class Fox
730,248,class Fox
180,248,class Fox
152,248,class Fox
144,248,class Fox
136,248,class Fox
128,248,class Fox
113,248,class Fox
98,248,class Fox
60,248,class Fox
51,248,class Fox
330,249,class Fox
683,249,class Fox
243,249,class Fox
240,249,class Fox
162,249,class Fox
155,249,class Fox
138,249,class Fox
117,249,class Fox
106,249,class Fox
60,249,class Fox
246,250,class Fox
202,250,class Fox
201,250,class Fox
197,250,class Fox
166,250,class Fox
116,250,class Fox
93,250,class Fox
91,250,class Fox
68,250,class Fox
60,250,class Fox
37,250,class Fox
936,251,class Fox
246,251,class Fox
229,251,class Fox
199,251,class Fox
180,251,class Fox
146,251,class Fox
139,251,class Fox
108,251,class Fox
106,251,class Fox
90,251,class Fox
250,252,class Fox
136,252,class Fox
116,252,class Fox
82,252,class Fox
60,252,class Fox
60,252,class Fox
60,252,class Fox
60,252,class Fox
37,252,class Fox
232,253,class Fox
204,253,class Fox
194,253,class Fox
137,253,class Fox
95,253,class Fox
76,253,class Fox
60,253,class Fox
60,253,class Fox
228,254,class Fox
180,254,class Fox
164,254,class Fox
163,254,class Fox
131,254,class Fox
114,254,class Fox
104,254,class Fox
101,254,class Fox
68,254,class Fox
60,254,class Fox
214,255,class Fox
212,255,class Fox
207,255,class Fox
200,255,class Fox
175,255,class Fox
112,255,class Fox
100,255,class Fox
13,255,class Fox
242,256,class Fox
194,256,class Fox
160,256,class Fox
136,256,class Fox
131,256,class Fox
128,256,class Fox
125,256,class Fox
255,257,class Fox
253,257,class Fox
250,257,class Fox
243,257,class Fox
161,257,class Fox
115,257,class Fox
86,257,class Fox
60,257,class Fox
60,257,class Fox
29,257,class Fox
515,258,class Fox
186,258,class Fox
150,258,class Fox
115,258,class Fox
104,258,class Fox
80,258,class Fox
60,258,class Fox
60,258,class Fox
60,258,class Fox
962,259,class Fox
601,259,class Fox
222,259,class Fox
211,259,class Fox
195,259,class Fox
176,259,class Fox
133,259,class Fox
562,260,class Fox
243,260,class Fox
152,260,class Fox
75,260,class Fox
18,260,class Fox
248,261,class Fox
203,261,class Fox
190,261,class Fox
111,261,class Fox
95,261,class Fox
60,261,class Fox
60,261,class Fox
221,262,class Fox
196,262,class Fox
166,262,class Fox
122,262,class Fox
100,262,class Fox
94,262,class Fox
93,262,class Fox
58,262,class Fox
626,263,class Fox
197,263,class Fox
143,263,class Fox
142,263,class Fox
106,263,class Fox
79,263,class Fox
1,263,class Fox
887,264,class Fox
222,264,class Fox
221,264,class Fox
219,264,class Fox
140,264,class Fox
107,264,class Fox
60,264,class Fox
60,264,class Fox
60,264,class Fox
60,264,class Fox
9,264,class Fox
240,265,class Fox
7,265,class Fox
415,266,class Fox
202,266,class Fox
124,266,class Fox
90,266,class Fox
25,266,class Fox
5,266,class Fox
256,267,class Fox
218,267,class Fox
109,267,class Fox
105,267,class Fox
80,267,class Fox
60,267,class Fox
60,267,class Fox
30,267,class Fox
25,267,class Fox
6,267,class Fox
215,268,class Fox
170,268,class Fox
148,268,class Fox
98,268,class Fox
94,268,class Fox
64,268,class Fox
240,269,class Fox
221,269,class Fox
211,269,class Fox
188,269,class Fox
179,269,class Fox
163,269,class Fox
119,269,class Fox
209,270,class Fox
145,270,class Fox
140,270,class Fox
111,270,class Fox
103,270,class Fox
60,270,class Fox
60,270,class Fox
60,270,class Fox
29,270,class Fox
261,271,class Fox
115,271,class Fox
113,271,class Fox
101,271,class Fox
60,271,class Fox
60,271,class Fox
60,271,class Fox
60,271,class Fox
268,272,class Fox
265,272,class Fox
261,272,class Fox
183,272,class Fox
155,272,class Fox
142,272,class Fox
135,272,class Fox
60,272,class Fox
22,272,class Fox
272,273,class Fox
271,273,class Fox
244,273,class Fox
176,273,class Fox
136,273,class Fox
117,273,class Fox
1,273,class Fox
254,274,class Fox
216,274,class Fox
117,274,class Fox
60,274,class Fox
60,274,class Fox
4,274,class Fox
885,275,class Fox
271,275,class Fox
214,275,class Fox
167,275,class Fox
165,275,class Fox
159,275,class Fox
147,275,class Fox
134,275,class Fox
89,275,class Fox
60,275,class Fox
2,275,class Fox
266,276,class Fox
228,276,class Fox
207,276,class Fox
60,276,class Fox
167,277,class Fox
60,277,class Fox
18,277,class Fox
738,278,class Fox
274,278,class Fox
202,278,class Fox
198,278,class Fox
143,278,class Fox
60,278,class Fox
265,279,class Fox
168,279,class Fox
105,279,class Fox
20,279,class Fox
276,280,class Fox
240,280,class Fox
134,280,class Fox
122,280,class Fox
117,280,class Fox
94,280,class Fox
273,281,class Fox
259,281,class Fox
113,281,class Fox
112,281,class Fox
95,281,class Fox
60,281,class Fox
255,282,class Fox
249,282,class Fox
181,282,class Fox
261,283,class Fox
259,283,class Fox
60,283,class Fox
391,284,class Fox
243,284,class Fox
192,284,class Fox
84,284,class Fox
75,284,class Fox
210,285,class Fox
193,285,class Fox
148,285,class Fox
126,285,class Fox
268,286,class Fox
132,286,class Fox
128,286,class Fox
80,286,class Fox
30,286,class Fox
285,287,class Fox
247,287,class Fox
229,287,class Fox
220,287,class Fox
210,287,class Fox
188,287,class Fox
129,287,class Fox
99,287,class Fox
264,288,class Fox
60,288,class Fox
60,288,class Fox
60,288,class Fox
898,289,class Fox
244,289,class Fox
234,289,class Fox
179,289,class Fox
58,289,class Fox
100,290,class Fox
49,290,class Fox
43,290,class Fox
139,291,class Fox
117,291,class Fox
97,291,class Fox
85,291,class Fox
60,291,class Fox
60,291,class Fox
217,292,class Fox
198,292,class Fox
171,292,class Fox
147,292,class Fox
124,292,class Fox
115,292,class Fox
115,292,class Fox
35,292,class Fox
2,292,class Fox
172,293,class Fox
152,293,class Fox
233,294,class Fox
192,294,class Fox
173,294,class Fox
106,294,class Fox
60,294,class Fox
60,294,class Fox
33,294,class Fox
227,295,class Fox
141,295,class Fox
7,295,class Fox
281,296,class Fox
218,296,class Fox
70,296,class Fox
60,296,class Fox
60,296,class Fox
60,296,class Fox
742,297,class Fox
208,297,class Fox
204,297,class Fox
137,297,class Fox
60,297,class Fox
439,298,class Fox
224,298,class Fox
60,298,class Fox
264,299,class Fox
220,299,class Fox
100,299,class Fox
78,299,class Fox
273,300,class Fox
256,300,class Fox
214,300,class Fox
286,301,class Fox
199,301,class Fox
195,301,class Fox
180,301,class Fox
127,301,class Fox
104,301,class Fox
78,301,class Fox
74,301,class Fox
60,301,class Fox
290,302,class Fox
276,302,class Fox
245,302,class Fox
244,302,class Fox
226,303,class Fox
218,303,class Fox
218,304,class Fox
12,304,class Fox
272,305,class Fox
263,305,class Fox
201,305,class Fox
159,305,class Fox
74,305,class Fox
60,305,class Fox
60,305,class Fox
60,305,class Fox
10,305,class Fox
279,306,class Fox
268,306,class Fox
241,306,class Fox
118,306,class Fox
28,306,class Fox
207,307,class Fox
39,307,class Fox
306,308,class Fox
240,308,class Fox
101,308,class Fox
70,308,class Fox
36,308,class Fox
235,309,class Fox
60,309,class Fox
2,309,class Fox
206,310,class Fox
94,310,class Fox
92,310,class Fox
60,310,class Fox
3,310,class Fox
250,311,class Fox
240,311,class Fox
229,311,class Fox
143,311,class Fox
96,311,class Fox
60,311,class Fox
13,311,class Fox
309,312,class Fox
261,312,class Fox
157,312,class Fox
60,312,class Fox
205,313,class Fox
174,313,class Fox
156,313,class Fox
64,313,class Fox
57,313,class Fox
65,314,class Fox
60,314,class Fox
60,314,class Fox
18,314,class Fox
293,315,class Fox
225,315,class Fox
224,315,class Fox
178,315,class Fox
123,315,class Fox
60,315,class Fox
27,315,class Fox
226,316,class Fox
60,316,class Fox
60,316,class Fox
312,317,class Fox
107,317,class Fox
60,317,class Fox
62,319,class Fox
60,319,class Fox
40,319,class Fox
60,320,class Fox
168,321,class Fox
106,321,class Fox
60,321,class Fox
60,321,class Fox
1,321,class Fox
12,322,class Fox
985,323,class Fox
1034,323,class Fox
921,323,class Fox
917,323,class Fox
74,323,class Fox
42,323,class Fox
42,323,class Fox
38,323,class Fox
321,324,class Fox
101,324,class Fox
82,324,class Fox
60,324,class Fox
60,324,class Fox
49,324,class Fox
324,325,class Fox
304,325,class Fox
124,325,class Fox
109,325,class Fox
60,325,class Fox
29,325,class Fox
303,326,class Fox
280,326,class Fox
251,326,class Fox
185,326,class Fox
162,326,class Fox
98,326,class Fox
300,327,class Fox
239,327,class Fox
184,327,class Fox
166,327,class Fox
159,327,class Fox
90,327,class Fox
79,327,class Fox
72,327,class Fox
315,328,class Fox
285,328,class Fox
196,328,class Fox
150,328,class Fox
12,328,class Fox
308,329,class Fox
295,329,class Fox
210,329,class Fox
165,329,class Fox
144,329,class Fox
60,329,class Fox
48,329,class Fox
14,329,class Fox
88,330,class Fox
60,330,class Fox
60,330,class Fox
326,331,class Fox
321,331,class Fox
299,331,class Fox
244,331,class Fox
60,331,class Fox
60,331,class Fox
68,332,class Fox
37,332,class Fox
22,332,class Fox
893,333,class Fox
92,333,class Fox
285,334,class Fox
204,334,class Fox
85,334,class Fox
57,334,class Fox
46,334,class Fox
228,335,class Fox
169,335,class Fox
125,335,class Fox
80,335,class Fox
79,335,class Fox
60,335,class Fox
54,335,class Fox
27,335,class Fox
357,336,class Fox
331,336,class Fox
310,336,class Fox
118,336,class Fox
4,336,class Fox
256,337,class Fox
60,337,class Fox
60,337,class Fox
60,337,class Fox
60,337,class Fox
60,337,class Fox
60,337,class Fox
34,337,class Fox
243,338,class Fox
83,338,class Fox
60,338,class Fox
60,338,class Fox
38,338,class Fox
300,339,class Fox
280,339,class Fox
210,339,class Fox
397,340,class Fox
335,340,class Fox
287,340,class Fox
287,340,class Fox
178,340,class Fox
141,340,class Fox
246,341,class Fox
45,341,class Fox
299,342,class Fox
74,342,class Fox
60,342,class Fox
60,342,class Fox
60,342,class Fox
339,343,class Fox
333,343,class Fox
335,344,class Fox
230,344,class Fox
185,344,class Fox
76,344,class Fox
115,345,class Fox
65,345,class Fox
60,345,class Fox
194,346,class Fox
182,346,class Fox
140,346,class Fox
84,346,class Fox
81,346,class Fox
64,346,class Fox
60,346,class Fox
60,346,class Fox
60,346,class Fox
559,347,class Fox
1069,347,class Fox
297,347,class Fox
60,347,class Fox
60,347,class Fox
60,347,class Fox
328,348,class Fox
312,348,class Fox
244,348,class Fox
67,348,class Fox
44,348,class Fox
41,348,class Fox
594,349,class Fox
283,349,class Fox
74,349,class Fox
72,349,class Fox
60,349,class Fox
60,349,class Fox
60,349,class Fox
22,349,class Fox
329,350,class Fox
311,350,class Fox
174,350,class Fox
133,350,class Fox
82,350,class Fox
71,350,class Fox
291,351,class Fox
235,351,class Fox
60,351,class Fox
53,351,class Fox
29,351,class Fox
60,352,class Fox
60,352,class Fox
58,352,class Fox
3,352,class Fox
325,353,class Fox
282,353,class Fox
253,353,class Fox
60,353,class Fox
314,354,class Fox
190,354,class Fox
186,354,class Fox
100,354,class Fox
72,354,class Fox
47,354,class Fox
236,355,class Fox
60,355,class Fox
33,355,class Fox
88,356,class Fox
58,356,class Fox
18,356,class Fox
67,357,class Fox
64,357,class Fox
60,357,class Fox
60,357,class Fox
60,357,class Fox
60,357,class Fox
337,358,class Fox
260,358,class Fox
184,358,class Fox
105,358,class Fox
60,358,class Fox
60,358,class Fox
60,358,class Fox
109,359,class Fox
60,359,class Fox
46,359,class Fox
351,360,class Fox
343,360,class Fox
314,360,class Fox
304,360,class Fox
139,360,class Fox
81,360,class Fox
75,360,class Fox
882,361,class Fox
228,361,class Fox
225,361,class Fox
174,361,class Fox
96,361,class Fox
93,361,class Fox
90,361,class Fox
65,361,class Fox
60,361,class Fox
60,361,class Fox
49,361,class Fox
328,362,class Fox
106,362,class Fox
78,362,class Fox
77,362,class Fox
60,362,class Fox
58,362,class Fox
209,363,class Fox
90,363,class Fox
77,363,class Fox
63,363,class Fox
1091,364,class Fox
250,364,class Fox
185,364,class Fox
178,364,class Fox
91,364,class Fox
82,364,class Fox
48,364,class Fox
3,364,class Fox
177,365,class Fox
153,365,class Fox
115,365,class Fox
68,365,class Fox
60,365,class Fox
19,365,class Fox
398,366,class Fox
284,366,class Fox
203,366,class Fox
91,366,class Fox
81,366,class Fox
67,366,class Fox
36,366,class Fox
306,367,class Fox
290,367,class Fox
205,367,class Fox
94,367,class Fox
87,367,class Fox
74,367,class Fox
60,367,class Fox
60,367,class Fox
60,367,class Fox
334,368,class Fox
158,368,class Fox
60,368,class Fox
60,368,class Fox
177,369,class Fox
366,370,class Fox
34,370,class Fox
19,370,class Fox
10,370,class Fox
4,370,class Fox
240,371,class Fox
164,371,class Fox
108,372,class Fox
97,372,class Fox
75,372,class Fox
68,372,class Fox
60,372,class Fox
70,373,class Fox
15,373,class Fox
246,374,class Fox
101,374,class Fox
60,374,class Fox
60,374,class Fox
102,375,class Fox
65,375,class Fox
60,375,class Fox
55,375,class Fox
362,376,class Fox
306,376,class Fox
121,376,class Fox
64,376,class Fox
60,376,class Fox
60,376,class Fox
60,376,class Fox
38,376,class Fox
18,376,class Fox
376,377,class Fox
186,377,class Fox
76,377,class Fox
60,377,class Fox
60,377,class Fox
136,378,class Fox
117,378,class Fox
142,379,class Fox
86,379,class Fox
60,379,class Fox
275,380,class Fox
268,380,class Fox
125,380,class Fox
60,380,class Fox
34,380,class Fox
17,380,class Fox
263,381,class Fox
256,381,class Fox
119,381,class Fox
102,381,class Fox
96,381,class Fox
274,382,class Fox
69,382,class Fox
101,383,class Fox
90,383,class Fox
85,383,class Fox
60,383,class Fox
354,384,class Fox
39,384,class Fox
35,384,class Fox
3,384,class Fox
70,385,class Fox
60,385,class Fox
60,385,class Fox
58,385,class Fox
338,386,class Fox
90,386,class Fox
10,386,class Fox
398,387,class Fox
119,387,class Fox
112,387,class Fox
92,387,class Fox
89,387,class Fox
84,387,class Fox
60,387,class Fox
60,387,class Fox
60,387,class Fox
60,387,class Fox
20,387,class Fox
359,388,class Fox
329,388,class Fox
182,388,class Fox
60,388,class Fox
60,388,class Fox
12,388,class Fox
368,389,class Fox
114,389,class Fox
103,389,class Fox
73,389,class Fox
60,389,class Fox
135,390,class Fox
119,390,class Fox
116,390,class Fox
99,390,class Fox
77,390,class Fox
60,390,class Fox
60,390,class Fox
60,390,class Fox
375,391,class Fox
347,391,class Fox
273,391,class Fox
77,391,class Fox
60,391,class Fox
60,391,class Fox
325,392,class Fox
236,392,class Fox
73,392,class Fox
60,392,class Fox
332,393,class Fox
306,393,class Fox
232,393,class Fox
107,393,class Fox
95,393,class Fox
85,393,class Fox
60,393,class Fox
60,393,class Fox
60,393,class Fox
14,393,class Fox
4,393,class Fox
153,394,class Fox
134,394,class Fox
99,394,class Fox
236,395,class Fox
188,395,class Fox
88,395,class Fox
62,395,class Fox
26,395,class Fox
19,395,class Fox
109,396,class Fox
97,396,class Fox
86,396,class Fox
66,396,class Fox
60,396,class Fox
60,396,class Fox
60,396,class Fox
60,396,class Fox
4,396,class Fox
338,397,class Fox
142,397,class Fox
121,397,class Fox
115,397,class Fox
92,397,class Fox
87,397,class Fox
81,397,class Fox
66,397,class Fox
304,398,class Fox
164,398,class Fox
137,398,class Fox
105,398,class Fox
77,398,class Fox
14,398,class Fox
362,399,class Fox
261,399,class Fox
248,399,class Fox
192,399,class Fox
119,399,class Fox
20,399,class Fox
160,400,class Fox
107,400,class Fox
77,400,class Fox
60,400,class Fox
49,400,class Fox
40,400,class Fox
39,400,class Fox
3,400,class Fox
275,401,class Fox
179,401,class Fox
133,401,class Fox
96,401,class Fox
85,401,class Fox
81,401,class Fox
68,401,class Fox
65,401,class Fox
324,402,class Fox
174,402,class Fox
121,402,class Fox
98,402,class Fox
89,402,class Fox
60,402,class Fox
60,402,class Fox
399,403,class Fox
295,403,class Fox
122,403,class Fox
55,403,class Fox
118,404,class Fox
106,404,class Fox
91,404,class Fox
60,404,class Fox
60,404,class Fox
57,404,class Fox
44,404,class Fox
110,405,class Fox
86,405,class Fox
60,405,class Fox
39,405,class Fox
14,405,class Fox
8,405,class Fox
116,406,class Fox
111,406,class Fox
109,406,class Fox
94,406,class Fox
87,406,class Fox
185,407,class Fox
130,407,class Fox
92,407,class Fox
70,407,class Fox
60,407,class Fox
18,407,class Fox
96,408,class Fox
94,408,class Fox
60,408,class Fox
60,408,class Fox
60,408,class Fox
60,408,class Fox
60,408,class Fox
28,408,class Fox
390,409,class Fox
311,409,class Fox
255,409,class Fox
67,409,class Fox
63,409,class Fox
403,410,class Fox
361,410,class Fox
168,410,class Fox
155,410,class Fox
115,410,class Fox
80,410,class Fox
60,410,class Fox
132,411,class Fox
92,411,class Fox
72,411,class Fox
69,411,class Fox
60,411,class Fox
60,411,class Fox
60,411,class Fox
60,411,class Fox
127,412,class Fox
83,412,class Fox
76,412,class Fox
73,412,class Fox
60,412,class Fox
23,412,class Fox
13,412,class Fox
74,413,class Fox
60,413,class Fox
387,414,class Fox
67,414,class Fox
265,416,class Fox
263,416,class Fox
116,416,class Fox
103,416,class Fox
107,417,class Fox
78,417,class Fox
61,417,class Fox
48,417,class Fox
332,418,class Fox
105,418,class Fox
60,418,class Fox
60,418,class Fox
60,418,class Fox
2,418,class Fox
739,419,class Fox
284,419,class Fox
226,419,class Fox
132,419,class Fox
116,419,class Fox
60,419,class Fox
60,419,class Fox
60,419,class Fox
1,419,class Fox
88,420,class Fox
71,420,class Fox
249,421,class Fox
136,421,class Fox
130,421,class Fox
130,421,class Fox
100,421,class Fox
69,421,class Fox
60,421,class Fox
14,421,class Fox
362,422,class Fox
209,422,class Fox
162,422,class Fox
147,422,class Fox
144,422,class Fox
109,422,class Fox
108,422,class Fox
105,422,class Fox
64,422,class Fox
357,423,class Fox
340,423,class Fox
304,423,class Fox
229,423,class Fox
206,423,class Fox
129,423,class Fox
124,423,class Fox
118,423,class Fox
97,423,class Fox
67,423,class Fox
364,424,class Fox
349,424,class Fox
278,424,class Fox
151,424,class Fox
116,424,class Fox
93,424,class Fox
91,424,class Fox
85,424,class Fox
73,424,class Fox
60,424,class Fox
60,424,class Fox
110,425,class Fox
107,425,class Fox
60,425,class Fox
60,425,class Fox
407,426,class Fox
406,426,class Fox
131,426,class Fox
111,426,class Fox
109,426,class Fox
400,427,class Fox
163,427,class Fox
157,427,class Fox
136,427,class Fox
60,427,class Fox
60,427,class Fox
60,427,class Fox
60,427,class Fox
36,427,class Fox
139,428,class Fox
61,428,class Fox
164,429,class Fox
121,429,class Fox
113,429,class Fox
85,429,class Fox
71,429,class Fox
71,429,class Fox
44,429,class Fox
139,430,class Fox
403,431,class Fox
260,431,class Fox
260,431,class Fox
225,431,class Fox
113,431,class Fox
95,431,class Fox
48,432,class Fox
120,433,class Fox
120,433,class Fox
120,433,class Fox
119,433,class Fox
85,433,class Fox
45,433,class Fox
169,434,class Fox
111,434,class Fox
104,434,class Fox
60,434,class Fox
60,434,class Fox
60,434,class Fox
336,435,class Fox
229,435,class Fox
87,435,class Fox
84,435,class Fox
68,435,class Fox
35,435,class Fox
398,436,class Fox
141,436,class Fox
136,436,class Fox
60,436,class Fox
130,437,class Fox
106,437,class Fox
95,437,class Fox
74,437,class Fox
65,437,class Fox
60,437,class Fox
60,437,class Fox
334,438,class Fox
147,438,class Fox
108,438,class Fox
98,438,class Fox
75,438,class Fox
60,438,class Fox
60,438,class Fox
60,438,class Fox
345,439,class Fox
132,439,class Fox
72,439,class Fox
60,439,class Fox
60,439,class Fox
47,439,class Fox
413,440,class Fox
155,440,class Fox
68,440,class Fox
30,440,class Fox
353,441,class Fox
326,441,class Fox
95,441,class Fox
70,441,class Fox
27,441,class Fox
402,442,class Fox
334,442,class Fox
174,442,class Fox
144,442,class Fox
106,442,class Fox
96,442,class Fox
83,442,class Fox
20,442,class Fox
92,443,class Fox
89,443,class Fox
430,444,class Fox
314,444,class Fox
196,444,class Fox
80,444,class Fox
371,445,class Fox
136,445,class Fox
116,445,class Fox
80,445,class Fox
186,446,class Fox
156,446,class Fox
153,446,class Fox
64,446,class Fox
60,446,class Fox
60,446,class Fox
60,446,class Fox
60,446,class Fox
60,446,class Fox
60,446,class Fox
55,446,class Fox
331,447,class Fox
186,447,class Fox
107,447,class Fox
154,448,class Fox
90,448,class Fox
60,448,class Fox
60,448,class Fox
60,448,class Fox
60,449,class Fox
60,449,class Fox
27,449,class Fox
268,450,class Fox
123,450,class Fox
99,450,class Fox
81,450,class Fox
60,450,class Fox
89,451,class Fox
376,452,class Fox
369,452,class Fox
170,452,class Fox
113,452,class Fox
100,452,class Fox
55,452,class Fox
42,452,class Fox
394,453,class Fox
144,453,class Fox
31,453,class Fox
121,454,class Fox
118,454,class Fox
80,454,class Fox
76,454,class Fox
63,454,class Fox
227,455,class Fox
66,455,class Fox
267,456,class Fox
123,456,class Fox
97,456,class Fox
1,456,class Fox
454,457,class Fox
390,457,class Fox
229,457,class Fox
144,457,class Fox
19,457,class Fox
6,457,class Fox
197,458,class Fox
108,458,class Fox
79,458,class Fox
60,458,class Fox
60,458,class Fox
60,458,class Fox
441,459,class Fox
198,459,class Fox
161,459,class Fox
4,459,class Fox
160,460,class Fox
135,460,class Fox
120,460,class Fox
108,460,class Fox
86,460,class Fox
84,460,class Fox
80,460,class Fox
60,460,class Fox
60,460,class Fox
60,460,class Fox
397,461,class Fox
188,461,class Fox
132,461,class Fox
125,461,class Fox
124,461,class Fox
73,461,class Fox
60,461,class Fox
60,461,class Fox
60,461,class Fox
60,461,class Fox
76,462,class Fox
38,462,class Fox
347,463,class Fox
174,463,class Fox
132,463,class Fox
127,463,class Fox
114,463,class Fox
95,463,class Fox
77,463,class Fox
60,463,class Fox
288,464,class Fox
224,464,class Fox
207,464,class Fox
82,464,class Fox
60,464,class Fox
60,464,class Fox
166,465,class Fox
112,465,class Fox
93,465,class Fox
81,465,class Fox
60,465,class Fox
60,465,class Fox
433,466,class Fox
417,466,class Fox
235,466,class Fox
118,466,class Fox
106,466,class Fox
80,466,class Fox
60,466,class Fox
135,467,class Fox
128,467,class Fox
90,467,class Fox
60,467,class Fox
70,468,class Fox
60,468,class Fox
60,468,class Fox
125,469,class Fox
58,469,class Fox
161,470,class Fox
455,471,class Fox
162,471,class Fox
160,471,class Fox
139,471,class Fox
89,471,class Fox
62,471,class Fox
60,471,class Fox
173,472,class Fox
125,472,class Fox
105,472,class Fox
87,472,class Fox
86,472,class Fox
60,472,class Fox
60,472,class Fox
691,473,class Fox
430,473,class Fox
417,473,class Fox
327,473,class Fox
282,473,class Fox
115,473,class Fox
83,473,class Fox
454,474,class Fox
382,474,class Fox
237,474,class Fox
116,474,class Fox
60,474,class Fox
60,474,class Fox
60,474,class Fox
60,474,class Fox
60,474,class Fox
343,475,class Fox
189,475,class Fox
115,475,class Fox
266,476,class Fox
166,476,class Fox
112,476,class Fox
107,476,class Fox
102,476,class Fox
99,476,class Fox
60,476,class Fox
60,476,class Fox
36,476,class Fox
348,477,class Fox
227,477,class Fox
191,477,class Fox
165,477,class Fox
140,477,class Fox
130,477,class Fox
83,477,class Fox
77,477,class Fox
67,477,class Fox
29,477,class Fox
168,478,class Fox
103,478,class Fox
90,478,class Fox
80,478,class Fox
60,478,class Fox
161,479,class Fox
97,479,class Fox
91,479,class Fox
60,479,class Fox
60,479,class Fox
167,480,class Fox
160,480,class Fox
159,480,class Fox
120,480,class Fox
46,480,class Fox
422,481,class Fox
104,481,class Fox
94,481,class Fox
60,481,class Fox
26,481,class Fox
207,482,class Fox
156,482,class Fox
150,482,class Fox
93,482,class Fox
60,482,class Fox
60,482,class Fox
60,482,class Fox
20,482,class Fox
10,482,class Fox
256,483,class Fox
180,483,class Fox
132,483,class Fox
131,483,class Fox
84,483,class Fox
38,483,class Fox
86,484,class Fox
196,485,class Fox
113,485,class Fox
60,485,class Fox
46,485,class Fox
216,486,class Fox
160,486,class Fox
105,486,class Fox
104,486,class Fox
86,486,class Fox
58,486,class Fox
22,486,class Fox
308,487,class Fox
152,487,class Fox
111,487,class Fox
98,487,class Fox
80,487,class Fox
60,487,class Fox
60,487,class Fox
60,487,class Fox
306,488,class Fox
189,488,class Fox
168,488,class Fox
132,488,class Fox
108,488,class Fox
60,488,class Fox
354,489,class Fox
70,489,class Fox
60,489,class Fox
441,490,class Fox
241,490,class Fox
167,490,class Fox
149,490,class Fox
126,490,class Fox
114,490,class Fox
60,490,class Fox
49,490,class Fox
339,491,class Fox
105,491,class Fox
95,491,class Fox
161,492,class Fox
144,492,class Fox
72,492,class Fox
208,493,class Fox
130,493,class Fox
114,493,class Fox
60,493,class Fox
60,493,class Fox
60,493,class Fox
175,494,class Fox
118,494,class Fox
104,494,class Fox
91,494,class Fox
64,494,class Fox
42,494,class Fox
198,495,class Fox
168,495,class Fox
114,495,class Fox
105,495,class Fox
98,495,class Fox
74,495,class Fox
73,495,class Fox
150,496,class Fox
60,496,class Fox
89,497,class Fox
60,497,class Fox
133,498,class Fox
70,498,class Fox
208,499,class Fox
206,499,class Fox
88,499,class Fox
100,500,class Fox
87,500,class Fox
60,500,class Fox
