1229,1,class Wolf
2024,1,class Wolf
292,1,class Wolf
2499,1,class Wolf
830,1,class Wolf
1731,2,class Wolf
2388,2,class Wolf
1181,6,class Wolf
541,6,class Wolf
660,6,class Wolf
1729,6,class Wolf
524,6,class Wolf
699,7,class Wolf
1353,7,class Wolf
2380,7,class Wolf
1742,7,class Wolf
278,9,class Wolf
2022,10,class Wolf
632,11,class Wolf
2005,12,class Wolf
757,13,class Wolf
1819,14,class Wolf
2481,16,class Wolf
576,19,class Wolf
2923,22,class Wolf
2614,22,class Wolf
1123,24,class Wolf
157,24,class Wolf
2923,35,class Wolf
2326,63,class Wolf
2923,63,class Wolf
820,66,class Wolf
2367,68,class Wolf
1477,68,class Wolf
1563,68,class Wolf
67,69,class Wolf
71,74,class Wolf
2197,80,class Wolf
2254,80,class Wolf
78,85,class Wolf
66,86,class Wolf
64,86,class Wolf
2923,87,class Wolf
2851,87,class Wolf
85,87,class Wolf
2385,90,class Wolf
2541,91,class Wolf
902,93,class Wolf
94,95,class Wolf
61,98,class Wolf
72,99,class Wolf
710,100,class Wolf
76,100,class Wolf
474,101,class Wolf
90,101,class Wolf
786,102,class Wolf
85,102,class Wolf
84,102,class Wolf
349,103,class Wolf
75,103,class Wolf
65,103,class Wolf
91,105,class Wolf
106,107,class Wolf
80,107,class Wolf
85,110,class Wolf
1087,111,class Wolf
90,112,class Wolf
1538,113,class Wolf
1314,113,class Wolf
2430,115,class Wolf
2006,116,class Wolf
1758,116,class Wolf
2923,118,class Wolf
485,118,class Wolf
670,118,class Wolf
65,119,class Wolf
117,120,class Wolf
97,120,class Wolf
74,122,class Wolf
90,123,class Wolf
1257,124,class Wolf
2489,124,class Wolf
97,124,class Wolf
89,125,class Wolf
123,126,class Wolf
2923,127,class Wolf
88,127,class Wolf
2923,129,class Wolf
120,129,class Wolf
116,129,class Wolf
82,129,class Wolf
1566,132,class Wolf
2468,132,class Wolf
105,132,class Wolf
110,133,class Wolf
122,134,class Wolf
68,134,class Wolf
2516,135,class Wolf
99,135,class Wolf
93,135,class Wolf
89,135,class Wolf
2302,137,class Wolf
375,137,class Wolf
1617,138,class Wolf
1858,138,class Wolf
134,138,class Wolf
101,138,class Wolf
2408,139,class Wolf
115,140,class Wolf
78,140,class Wolf
79,141,class Wolf
76,141,class Wolf
2178,142,class Wolf
124,142,class Wolf
120,142,class Wolf
78,142,class Wolf
133,143,class Wolf
127,143,class Wolf
72,143,class Wolf
2923,144,class Wolf
101,144,class Wolf
92,144,class Wolf
2787,145,class Wolf
87,145,class Wolf
1505,147,class Wolf
85,147,class Wolf
137,148,class Wolf
93,148,class Wolf
465,149,class Wolf
625,149,class Wolf
120,149,class Wolf
120,149,class Wolf
91,150,class Wolf
2414,151,class Wolf
148,151,class Wolf
147,151,class Wolf
109,151,class Wolf
79,151,class Wolf
65,151,class Wolf
1938,152,class Wolf
2044,152,class Wolf
87,152,class Wolf
151,153,class Wolf
120,153,class Wolf
109,153,class Wolf
99,154,class Wolf
73,154,class Wolf
78,155,class Wolf
74,155,class Wolf
133,158,class Wolf
69,158,class Wolf
126,159,class Wolf
100,159,class Wolf
100,159,class Wolf
94,159,class Wolf
126,160,class Wolf
98,160,class Wolf
80,161,class Wolf
723,162,class Wolf
1087,162,class Wolf
454,162,class Wolf
2747,162,class Wolf
1330,162,class Wolf
1995,163,class Wolf
353,163,class Wolf
90,163,class Wolf
82,163,class Wolf
677,164,class Wolf
2186,164,class Wolf
127,164,class Wolf
988,165,class Wolf
61,166,class Wolf
161,167,class Wolf
86,167,class Wolf
139,168,class Wolf
132,168,class Wolf
115,168,class Wolf
77,168,class Wolf
117,170,class Wolf
66,170,class Wolf
154,171,class Wolf
82,171,class Wolf
170,172,class Wolf
150,172,class Wolf
141,172,class Wolf
117,172,class Wolf
110,172,class Wolf
77,172,class Wolf
74,172,class Wolf
223,173,class Wolf
84,173,class Wolf
758,174,class Wolf
152,174,class Wolf
131,174,class Wolf
120,174,class Wolf
79,174,class Wolf
620,175,class Wolf
2094,175,class Wolf
170,175,class Wolf
128,175,class Wolf
124,175,class Wolf
87,175,class Wolf
165,176,class Wolf
497,178,class Wolf
156,178,class Wolf
155,178,class Wolf
2809,179,class Wolf
119,179,class Wolf
100,179,class Wolf
78,179,class Wolf
139,180,class Wolf
180,181,class Wolf
147,181,class Wolf
62,181,class Wolf
159,182,class Wolf
134,182,class Wolf
120,182,class Wolf
69,182,class Wolf
1838,183,class Wolf
1971,183,class Wolf
166,183,class Wolf
121,183,class Wolf
1323,184,class Wolf
170,184,class Wolf
136,184,class Wolf
120,184,class Wolf
396,185,class Wolf
183,185,class Wolf
174,185,class Wolf
162,185,class Wolf
127,185,class Wolf
120,185,class Wolf
1685,186,class Wolf
2691,186,class Wolf
127,186,class Wolf
67,186,class Wolf
1665,187,class Wolf
178,187,class Wolf
171,187,class Wolf
158,187,class Wolf
140,187,class Wolf
63,187,class Wolf
115,188,class Wolf
1572,189,class Wolf
153,189,class Wolf
112,189,class Wolf
96,189,class Wolf
92,189,class Wolf
175,190,class Wolf
132,190,class Wolf
131,190,class Wolf
128,190,class Wolf
67,190,class Wolf
1798,191,class Wolf
174,191,class Wolf
158,191,class Wolf
105,191,class Wolf
96,191,class Wolf
2535,193,class Wolf
160,193,class Wolf
155,193,class Wolf
141,193,class Wolf
70,193,class Wolf
161,194,class Wolf
160,194,class Wolf
155,195,class Wolf
118,195,class Wolf
117,195,class Wolf
90,195,class Wolf
63,195,class Wolf
156,196,class Wolf
144,196,class Wolf
120,196,class Wolf
120,196,class Wolf
118,196,class Wolf
80,196,class Wolf
182,197,class Wolf
174,197,class Wolf
157,197,class Wolf
135,197,class Wolf
923,198,class Wolf
2192,198,class Wolf
181,198,class Wolf
62,198,class Wolf
1785,199,class Wolf
1351,199,class Wolf
135,199,class Wolf
120,199,class Wolf
89,199,class Wolf
168,200,class Wolf
120,200,class Wolf
86,200,class Wolf
64,200,class Wolf
2923,201,class Wolf
181,201,class Wolf
139,201,class Wolf
120,201,class Wolf
112,201,class Wolf
97,201,class Wolf
69,201,class Wolf
2906,202,class Wolf
272,202,class Wolf
2017,203,class Wolf
192,203,class Wolf
131,203,class Wolf
125,203,class Wolf
98,203,class Wolf
98,203,class Wolf
84,203,class Wolf
672,204,class Wolf
200,204,class Wolf
109,204,class Wolf
2921,205,class Wolf
2746,205,class Wolf
176,205,class Wolf
146,205,class Wolf
120,205,class Wolf
120,205,class Wolf
120,205,class Wolf
93,205,class Wolf
205,206,class Wolf
147,206,class Wolf
120,206,class Wolf
96,206,class Wolf
95,206,class Wolf
109,207,class Wolf
1109,208,class Wolf
2124,208,class Wolf
185,208,class Wolf
177,208,class Wolf
142,208,class Wolf
110,208,class Wolf
93,208,class Wolf
793,209,class Wolf
1509,209,class Wolf
2492,209,class Wolf
2351,209,class Wolf
128,209,class Wolf
112,209,class Wolf
897,210,class Wolf
173,210,class Wolf
170,210,class Wolf
131,210,class Wolf
122,210,class Wolf
111,210,class Wolf
152,211,class Wolf
129,211,class Wolf
1180,212,class Wolf
190,212,class Wolf
150,212,class Wolf
140,212,class Wolf
123,212,class Wolf
120,212,class Wolf
120,212,class Wolf
107,212,class Wolf
98,212,class Wolf
165,213,class Wolf
162,213,class Wolf
134,213,class Wolf
2040,214,class Wolf
1825,214,class Wolf
174,214,class Wolf
151,214,class Wolf
118,214,class Wolf
89,214,class Wolf
172,215,class Wolf
134,215,class Wolf
120,215,class Wolf
120,215,class Wolf
108,215,class Wolf
91,215,class Wolf
140,216,class Wolf
126,216,class Wolf
120,216,class Wolf
120,216,class Wolf
120,216,class Wolf
119,216,class Wolf
92,216,class Wolf
69,216,class Wolf
210,217,class Wolf
145,217,class Wolf
122,217,class Wolf
121,217,class Wolf
120,217,class Wolf
120,217,class Wolf
71,217,class Wolf
186,218,class Wolf
173,218,class Wolf
160,218,class Wolf
156,218,class Wolf
123,218,class Wolf
123,218,class Wolf
120,218,class Wolf
91,218,class Wolf
164,219,class Wolf
157,219,class Wolf
120,219,class Wolf
78,219,class Wolf
1561,220,class Wolf
197,220,class Wolf
179,220,class Wolf
154,220,class Wolf
123,220,class Wolf
111,220,class Wolf
2873,221,class Wolf
198,221,class Wolf
173,221,class Wolf
144,221,class Wolf
216,222,class Wolf
201,222,class Wolf
188,222,class Wolf
177,222,class Wolf
1789,223,class Wolf
172,223,class Wolf
85,223,class Wolf
218,224,class Wolf
191,224,class Wolf
173,224,class Wolf
136,224,class Wolf
101,224,class Wolf
69,224,class Wolf
2062,225,class Wolf
184,225,class Wolf
163,225,class Wolf
154,225,class Wolf
148,225,class Wolf
133,225,class Wolf
125,225,class Wolf
120,225,class Wolf
120,225,class Wolf
103,225,class Wolf
67,225,class Wolf
1486,226,class Wolf
219,226,class Wolf
205,226,class Wolf
202,226,class Wolf
194,226,class Wolf
120,226,class Wolf
81,226,class Wolf
80,226,class Wolf
442,227,class Wolf
216,227,class Wolf
202,227,class Wolf
183,227,class Wolf
169,227,class Wolf
121,227,class Wolf
120,227,class Wolf
223,228,class Wolf
127,228,class Wolf
1830,229,class Wolf
184,229,class Wolf
120,229,class Wolf
120,229,class Wolf
120,229,class Wolf
111,229,class Wolf
86,229,class Wolf
698,230,class Wolf
1366,230,class Wolf
184,230,class Wolf
108,230,class Wolf
94,230,class Wolf
80,230,class Wolf
1501,231,class Wolf
220,231,class Wolf
185,231,class Wolf
172,231,class Wolf
164,231,class Wolf
151,231,class Wolf
121,231,class Wolf
120,231,class Wolf
109,231,class Wolf
87,231,class Wolf
70,231,class Wolf
2342,232,class Wolf
230,232,class Wolf
198,232,class Wolf
137,232,class Wolf
228,233,class Wolf
204,233,class Wolf
129,233,class Wolf
122,233,class Wolf
75,233,class Wolf
1979,234,class Wolf
228,234,class Wolf
200,234,class Wolf
126,234,class Wolf
120,234,class Wolf
106,234,class Wolf
81,234,class Wolf
173,235,class Wolf
120,235,class Wolf
120,235,class Wolf
111,235,class Wolf
79,235,class Wolf
73,235,class Wolf
662,236,class Wolf
487,236,class Wolf
1072,236,class Wolf
218,236,class Wolf
177,236,class Wolf
153,236,class Wolf
147,236,class Wolf
147,236,class Wolf
131,236,class Wolf
126,236,class Wolf
230,237,class Wolf
230,237,class Wolf
226,237,class Wolf
221,237,class Wolf
157,237,class Wolf
140,237,class Wolf
129,237,class Wolf
126,237,class Wolf
120,237,class Wolf
120,237,class Wolf
1608,238,class Wolf
1675,238,class Wolf
1623,238,class Wolf
198,238,class Wolf
120,238,class Wolf
207,239,class Wolf
190,239,class Wolf
159,239,class Wolf
129,239,class Wolf
120,239,class Wolf
120,239,class Wolf
116,239,class Wolf
78,239,class Wolf
212,240,class Wolf
169,240,class Wolf
154,240,class Wolf
113,240,class Wolf
228,241,class Wolf
219,241,class Wolf
215,241,class Wolf
183,241,class Wolf
179,241,class Wolf
177,241,class Wolf
155,241,class Wolf
141,241,class Wolf
120,241,class Wolf
231,242,class Wolf
211,242,class Wolf
183,242,class Wolf
181,242,class Wolf
180,242,class Wolf
154,242,class Wolf
133,242,class Wolf
1243,243,class Wolf
233,243,class Wolf
202,243,class Wolf
192,243,class Wolf
143,243,class Wolf
567,244,class Wolf
2415,244,class Wolf
231,244,class Wolf
212,244,class Wolf
200,244,class Wolf
135,244,class Wolf
121,244,class Wolf
120,244,class Wolf
120,244,class Wolf
120,244,class Wolf
82,244,class Wolf
243,245,class Wolf
227,245,class Wolf
212,245,class Wolf
212,245,class Wolf
396,246,class Wolf
235,246,class Wolf
228,246,class Wolf
146,246,class Wolf
145,246,class Wolf
125,246,class Wolf
120,246,class Wolf
116,246,class Wolf
79,246,class Wolf
334,247,class Wolf
176,247,class Wolf
148,247,class Wolf
129,247,class Wolf
120,247,class Wolf
120,247,class Wolf
84,247,class Wolf
105,248,class Wolf
69,248,class Wolf
207,249,class Wolf
134,249,class Wolf
120,249,class Wolf
120,249,class Wolf
120,249,class Wolf
225,250,class Wolf
204,250,class Wolf
138,250,class Wolf
78,250,class Wolf
805,251,class Wolf
124,251,class Wolf
204,252,class Wolf
247,253,class Wolf
195,253,class Wolf
189,253,class Wolf
162,253,class Wolf
143,253,class Wolf
143,253,class Wolf
123,253,class Wolf
68,253,class Wolf
2617,254,class Wolf
246,254,class Wolf
240,254,class Wolf
163,254,class Wolf
158,254,class Wolf
150,254,class Wolf
120,254,class Wolf
120,254,class Wolf
120,254,class Wolf
120,254,class Wolf
120,254,class Wolf
114,254,class Wolf
891,255,class Wolf
203,255,class Wolf
120,255,class Wolf
120,255,class Wolf
120,255,class Wolf
72,255,class Wolf
254,256,class Wolf
250,256,class Wolf
132,256,class Wolf
120,256,class Wolf
120,256,class Wolf
120,256,class Wolf
120,256,class Wolf
81,256,class Wolf
2437,257,class Wolf
186,257,class Wolf
176,257,class Wolf
156,257,class Wolf
245,258,class Wolf
244,258,class Wolf
211,258,class Wolf
142,258,class Wolf
127,258,class Wolf
103,258,class Wolf
258,259,class Wolf
244,259,class Wolf
180,259,class Wolf
178,259,class Wolf
166,259,class Wolf
166,259,class Wolf
156,259,class Wolf
940,260,class Wolf
211,260,class Wolf
209,260,class Wolf
150,260,class Wolf
123,260,class Wolf
120,260,class Wolf
120,260,class Wolf
120,260,class Wolf
120,260,class Wolf
110,260,class Wolf
120,261,class Wolf
1131,262,class Wolf
258,262,class Wolf
163,262,class Wolf
153,262,class Wolf
135,262,class Wolf
120,262,class Wolf
2264,263,class Wolf
240,263,class Wolf
238,263,class Wolf
228,263,class Wolf
158,263,class Wolf
108,263,class Wolf
1137,264,class Wolf
209,264,class Wolf
151,264,class Wolf
120,264,class Wolf
65,264,class Wolf
237,265,class Wolf
143,265,class Wolf
129,265,class Wolf
858,266,class Wolf
2649,266,class Wolf
223,266,class Wolf
171,266,class Wolf
120,266,class Wolf
120,266,class Wolf
120,266,class Wolf
120,266,class Wolf
1095,267,class Wolf
1358,267,class Wolf
233,267,class Wolf
182,267,class Wolf
120,267,class Wolf
120,267,class Wolf
97,267,class Wolf
92,267,class Wolf
90,267,class Wolf
852,268,class Wolf
245,268,class Wolf
222,268,class Wolf
172,268,class Wolf
127,268,class Wolf
120,268,class Wolf
120,268,class Wolf
120,268,class Wolf
120,269,class Wolf
120,269,class Wolf
120,270,class Wolf
120,270,class Wolf
120,270,class Wolf
120,270,class Wolf
120,270,class Wolf
87,270,class Wolf
2486,271,class Wolf
249,271,class Wolf
237,271,class Wolf
166,271,class Wolf
155,271,class Wolf
84,271,class Wolf
180,272,class Wolf
177,272,class Wolf
163,272,class Wolf
125,272,class Wolf
120,272,class Wolf
120,272,class Wolf
2747,273,class Wolf
2281,273,class Wolf
244,273,class Wolf
237,273,class Wolf
220,273,class Wolf
167,273,class Wolf
157,273,class Wolf
141,273,class Wolf
120,273,class Wolf
271,274,class Wolf
193,274,class Wolf
177,274,class Wolf
96,274,class Wolf
246,275,class Wolf
228,275,class Wolf
177,275,class Wolf
174,275,class Wolf
112,275,class Wolf
1048,276,class Wolf
120,276,class Wolf
120,276,class Wolf
189,277,class Wolf
188,277,class Wolf
120,277,class Wolf
265,278,class Wolf
215,278,class Wolf
163,278,class Wolf
120,278,class Wolf
198,279,class Wolf
194,279,class Wolf
132,279,class Wolf
120,279,class Wolf
120,279,class Wolf
120,279,class Wolf
120,279,class Wolf
120,279,class Wolf
94,279,class Wolf
86,279,class Wolf
74,279,class Wolf
69,279,class Wolf
68,279,class Wolf
2806,280,class Wolf
240,280,class Wolf
234,280,class Wolf
120,280,class Wolf
120,280,class Wolf
80,280,class Wolf
253,281,class Wolf
177,281,class Wolf
174,281,class Wolf
126,281,class Wolf
120,281,class Wolf
120,281,class Wolf
120,281,class Wolf
120,281,class Wolf
279,282,class Wolf
163,282,class Wolf
142,282,class Wolf
92,282,class Wolf
281,283,class Wolf
120,283,class Wolf
274,284,class Wolf
226,284,class Wolf
1035,285,class Wolf
262,285,class Wolf
257,285,class Wolf
245,285,class Wolf
209,285,class Wolf
175,285,class Wolf
149,285,class Wolf
120,285,class Wolf
2538,286,class Wolf
167,286,class Wolf
120,286,class Wolf
92,286,class Wolf
2137,287,class Wolf
1917,287,class Wolf
1385,287,class Wolf
265,287,class Wolf
206,287,class Wolf
223,288,class Wolf
152,288,class Wolf
120,288,class Wolf
120,288,class Wolf
67,288,class Wolf
2004,289,class Wolf
268,289,class Wolf
255,289,class Wolf
197,289,class Wolf
120,289,class Wolf
228,290,class Wolf
198,290,class Wolf
125,290,class Wolf
120,290,class Wolf
120,290,class Wolf
96,290,class Wolf
79,290,class Wolf
2442,291,class Wolf
120,291,class Wolf
160,292,class Wolf
212,293,class Wolf
138,293,class Wolf
249,294,class Wolf
217,294,class Wolf
198,295,class Wolf
127,295,class Wolf
120,295,class Wolf
290,296,class Wolf
285,296,class Wolf
251,296,class Wolf
210,296,class Wolf
185,296,class Wolf
173,296,class Wolf
160,296,class Wolf
137,296,class Wolf
124,296,class Wolf
109,296,class Wolf
75,296,class Wolf
173,297,class Wolf
120,297,class Wolf
120,297,class Wolf
879,298,class Wolf
283,298,class Wolf
265,298,class Wolf
209,298,class Wolf
191,298,class Wolf
167,298,class Wolf
159,298,class Wolf
136,298,class Wolf
120,298,class Wolf
120,298,class Wolf
159,299,class Wolf
120,299,class Wolf
120,299,class Wolf
120,299,class Wolf
145,300,class Wolf
120,300,class Wolf
90,300,class Wolf
2767,301,class Wolf
263,301,class Wolf
120,301,class Wolf
236,302,class Wolf
166,302,class Wolf
258,303,class Wolf
120,303,class Wolf
120,303,class Wolf
78,303,class Wolf
293,304,class Wolf
225,304,class Wolf
211,304,class Wolf
162,304,class Wolf
139,304,class Wolf
1841,305,class Wolf
1571,305,class Wolf
120,305,class Wolf
120,305,class Wolf
116,305,class Wolf
79,306,class Wolf
61,306,class Wolf
159,307,class Wolf
120,307,class Wolf
2265,308,class Wolf
236,308,class Wolf
216,308,class Wolf
158,308,class Wolf
137,308,class Wolf
125,308,class Wolf
120,308,class Wolf
105,308,class Wolf
1445,309,class Wolf
1321,309,class Wolf
301,309,class Wolf
263,309,class Wolf
154,309,class Wolf
121,309,class Wolf
298,310,class Wolf
268,310,class Wolf
257,310,class Wolf
120,310,class Wolf
120,311,class Wolf
89,311,class Wolf
122,312,class Wolf
268,313,class Wolf
130,313,class Wolf
306,314,class Wolf
186,314,class Wolf
120,314,class Wolf
120,314,class Wolf
120,314,class Wolf
120,314,class Wolf
120,314,class Wolf
87,314,class Wolf
173,315,class Wolf
140,315,class Wolf
117,315,class Wolf
61,315,class Wolf
306,316,class Wolf
269,316,class Wolf
230,316,class Wolf
140,316,class Wolf
120,316,class Wolf
1893,317,class Wolf
2496,317,class Wolf
1468,317,class Wolf
225,317,class Wolf
134,317,class Wolf
124,317,class Wolf
269,318,class Wolf
120,318,class Wolf
120,318,class Wolf
120,318,class Wolf
120,318,class Wolf
98,318,class Wolf
94,318,class Wolf
2698,319,class Wolf
120,319,class Wolf
97,319,class Wolf
281,320,class Wolf
243,320,class Wolf
2628,321,class Wolf
145,321,class Wolf
111,321,class Wolf
311,322,class Wolf
197,322,class Wolf
151,322,class Wolf
131,322,class Wolf
113,322,class Wolf
68,322,class Wolf
138,323,class Wolf
132,323,class Wolf
120,323,class Wolf
299,324,class Wolf
219,324,class Wolf
168,324,class Wolf
155,324,class Wolf
115,324,class Wolf
2834,325,class Wolf
155,325,class Wolf
126,325,class Wolf
120,325,class Wolf
95,325,class Wolf
165,326,class Wolf
133,326,class Wolf
114,326,class Wolf
2662,327,class Wolf
227,327,class Wolf
171,327,class Wolf
161,327,class Wolf
2773,328,class Wolf
308,328,class Wolf
281,329,class Wolf
198,329,class Wolf
185,329,class Wolf
120,329,class Wolf
120,329,class Wolf
120,329,class Wolf
120,329,class Wolf
119,329,class Wolf
273,331,class Wolf
118,331,class Wolf
331,332,class Wolf
138,332,class Wolf
67,332,class Wolf
331,333,class Wolf
236,333,class Wolf
177,333,class Wolf
139,333,class Wolf
135,333,class Wolf
128,333,class Wolf
155,334,class Wolf
132,334,class Wolf
325,335,class Wolf
291,335,class Wolf
172,335,class Wolf
110,335,class Wolf
77,335,class Wolf
271,336,class Wolf
253,336,class Wolf
134,336,class Wolf
116,336,class Wolf
309,337,class Wolf
221,337,class Wolf
120,337,class Wolf
74,337,class Wolf
2184,338,class Wolf
219,338,class Wolf
167,338,class Wolf
155,338,class Wolf
231,339,class Wolf
164,339,class Wolf
148,339,class Wolf
111,339,class Wolf
590,340,class Wolf
120,340,class Wolf
570,341,class Wolf
227,341,class Wolf
120,341,class Wolf
120,341,class Wolf
120,341,class Wolf
120,341,class Wolf
120,341,class Wolf
120,341,class Wolf
173,342,class Wolf
149,342,class Wolf
216,343,class Wolf
207,343,class Wolf
188,343,class Wolf
267,344,class Wolf
233,344,class Wolf
189,344,class Wolf
135,344,class Wolf
120,344,class Wolf
73,344,class Wolf
551,345,class Wolf
120,345,class Wolf
120,347,class Wolf
120,347,class Wolf
120,347,class Wolf
120,347,class Wolf
120,347,class Wolf
120,347,class Wolf
2683,348,class Wolf
250,348,class Wolf
160,348,class Wolf
150,348,class Wolf
120,348,class Wolf
252,349,class Wolf
231,349,class Wolf
234,350,class Wolf
179,350,class Wolf
179,350,class Wolf
120,350,class Wolf
120,350,class Wolf
229,351,class Wolf
172,351,class Wolf
120,351,class Wolf
68,351,class Wolf
1363,352,class Wolf
196,352,class Wolf
174,352,class Wolf
149,352,class Wolf
124,352,class Wolf
120,352,class Wolf
120,352,class Wolf
145,354,class Wolf
319,355,class Wolf
232,355,class Wolf
252,356,class Wolf
177,356,class Wolf
114,356,class Wolf
120,357,class Wolf
2502,358,class Wolf
114,358,class Wolf
2435,359,class Wolf
337,359,class Wolf
319,359,class Wolf
249,359,class Wolf
118,359,class Wolf
313,360,class Wolf
310,360,class Wolf
161,360,class Wolf
270,361,class Wolf
116,361,class Wolf
99,361,class Wolf
76,361,class Wolf
120,362,class Wolf
120,362,class Wolf
120,362,class Wolf
137,364,class Wolf
122,364,class Wolf
106,364,class Wolf
102,364,class Wolf
321,366,class Wolf
168,366,class Wolf
139,366,class Wolf
136,366,class Wolf
92,366,class Wolf
290,368,class Wolf
157,368,class Wolf
138,368,class Wolf
359,369,class Wolf
67,369,class Wolf
67,369,class Wolf
355,370,class Wolf
204,370,class Wolf
138,370,class Wolf
120,370,class Wolf
245,371,class Wolf
635,372,class Wolf
145,372,class Wolf
120,372,class Wolf
233,373,class Wolf
217,373,class Wolf
138,373,class Wolf
109,373,class Wolf
63,373,class Wolf
358,374,class Wolf
353,374,class Wolf
215,374,class Wolf
203,374,class Wolf
146,374,class Wolf
120,374,class Wolf
112,374,class Wolf
373,376,class Wolf
349,376,class Wolf
268,376,class Wolf
205,377,class Wolf
183,377,class Wolf
146,377,class Wolf
167,378,class Wolf
120,378,class Wolf
250,379,class Wolf
162,379,class Wolf
98,379,class Wolf
1733,380,class Wolf
242,380,class Wolf
171,380,class Wolf
120,380,class Wolf
120,380,class Wolf
284,381,class Wolf
245,381,class Wolf
176,381,class Wolf
320,382,class Wolf
282,382,class Wolf
137,382,class Wolf
86,382,class Wolf
218,383,class Wolf
81,383,class Wolf
2431,384,class Wolf
244,384,class Wolf
213,384,class Wolf
132,384,class Wolf
120,384,class Wolf
62,384,class Wolf
308,385,class Wolf
167,385,class Wolf
165,385,class Wolf
130,385,class Wolf
122,385,class Wolf
324,386,class Wolf
166,386,class Wolf
151,386,class Wolf
151,386,class Wolf
204,387,class Wolf
145,388,class Wolf
86,388,class Wolf
120,389,class Wolf
160,390,class Wolf
69,390,class Wolf
478,391,class Wolf
180,391,class Wolf
385,392,class Wolf
276,392,class Wolf
227,393,class Wolf
299,394,class Wolf
209,394,class Wolf
120,394,class Wolf
361,395,class Wolf
171,395,class Wolf
157,399,class Wolf
319,400,class Wolf
244,401,class Wolf
136,401,class Wolf
306,402,class Wolf
139,402,class Wolf
117,402,class Wolf
129,403,class Wolf
227,406,class Wolf
198,407,class Wolf
190,407,class Wolf
353,408,class Wolf
307,408,class Wolf
135,409,class Wolf
329,410,class Wolf
292,411,class Wolf
243,411,class Wolf
390,413,class Wolf
283,413,class Wolf
152,413,class Wolf
103,413,class Wolf
325,414,class Wolf
237,414,class Wolf
173,416,class Wolf
145,416,class Wolf
1252,417,class Wolf
394,417,class Wolf
276,417,class Wolf
232,417,class Wolf
276,418,class Wolf
164,418,class Wolf
147,418,class Wolf
113,418,class Wolf
68,418,class Wolf
232,421,class Wolf
195,422,class Wolf
153,422,class Wolf
220,423,class Wolf
317,424,class Wolf
255,424,class Wolf
233,424,class Wolf
237,425,class Wolf
167,425,class Wolf
120,425,class Wolf
210,427,class Wolf
273,428,class Wolf
198,428,class Wolf
365,429,class Wolf
287,429,class Wolf
120,431,class Wolf
90,431,class Wolf
422,432,class Wolf
752,434,class Wolf
411,434,class Wolf
374,435,class Wolf
327,435,class Wolf
171,435,class Wolf
100,435,class Wolf
391,436,class Wolf
347,436,class Wolf
195,436,class Wolf
174,437,class Wolf
337,438,class Wolf
269,438,class Wolf
334,439,class Wolf
229,440,class Wolf
180,441,class Wolf
73,441,class Wolf
320,442,class Wolf
231,442,class Wolf
389,443,class Wolf
122,443,class Wolf
81,443,class Wolf
436,444,class Wolf
191,445,class Wolf
104,445,class Wolf
342,446,class Wolf
76,447,class Wolf
411,448,class Wolf
152,448,class Wolf
149,448,class Wolf
147,449,class Wolf
120,450,class Wolf
120,450,class Wolf
401,451,class Wolf
240,451,class Wolf
441,452,class Wolf
187,452,class Wolf
341,453,class Wolf
132,453,class Wolf
192,454,class Wolf
122,454,class Wolf
150,455,class Wolf
126,456,class Wolf
172,457,class Wolf
123,457,class Wolf
195,460,class Wolf
149,460,class Wolf
427,461,class Wolf
120,461,class Wolf
120,461,class Wolf
448,462,class Wolf
422,462,class Wolf
112,465,class Wolf
377,466,class Wolf
123,466,class Wolf
104,466,class Wolf
417,468,class Wolf
322,468,class Wolf
120,468,class Wolf
461,469,class Wolf
309,469,class Wolf
98,469,class Wolf
165,470,class Wolf
200,471,class Wolf
114,471,class Wolf
310,472,class Wolf
369,474,class Wolf
316,475,class Wolf
314,475,class Wolf
90,475,class Wolf
336,477,class Wolf
237,478,class Wolf
144,478,class Wolf
357,479,class Wolf
218,479,class Wolf
158,480,class Wolf
1739,481,class Wolf
331,483,class Wolf
198,483,class Wolf
365,484,class Wolf
188,484,class Wolf
152,484,class Wolf
79,484,class Wolf
67,484,class Wolf
484,485,class Wolf
111,485,class Wolf
96,485,class Wolf
371,486,class Wolf
333,486,class Wolf
293,487,class Wolf
188,487,class Wolf
77,487,class Wolf
474,490,class Wolf
84,490,class Wolf
239,491,class Wolf
268,492,class Wolf
120,492,class Wolf
405,493,class Wolf
391,493,class Wolf
151,494,class Wolf
123,495,class Wolf
83,495,class Wolf
451,496,class Wolf
149,497,class Wolf
244,499,class Wolf
392,500,class Wolf
436,501,class Wolf
168,502,class Wolf
107,502,class Wolf
310,504,class Wolf
267,504,class Wolf
156,504,class Wolf
300,505,class Wolf
234,505,class Wolf
148,505,class Wolf
1247,508,class Wolf
1283,508,class Wolf
384,508,class Wolf
73,508,class Wolf
482,509,class Wolf
104,509,class Wolf
503,511,class Wolf
113,511,class Wolf
70,513,class Wolf
184,514,class Wolf
462,517,class Wolf
75,517,class Wolf
93,519,class Wolf
94,520,class Wolf
332,522,class Wolf
174,522,class Wolf
103,522,class Wolf
219,523,class Wolf
115,523,class Wolf
311,524,class Wolf
77,525,class Wolf
289,526,class Wolf
164,526,class Wolf
217,527,class Wolf
481,528,class Wolf
267,528,class Wolf
82,528,class Wolf
493,529,class Wolf
180,530,class Wolf
120,530,class Wolf
120,530,class Wolf
68,530,class Wolf
297,532,class Wolf
222,532,class Wolf
63,532,class Wolf
328,533,class Wolf
120,533,class Wolf
122,534,class Wolf
78,534,class Wolf
327,536,class Wolf
120,537,class Wolf
537,538,class Wolf
195,538,class Wolf
99,538,class Wolf
68,538,class Wolf
114,539,class Wolf
527,540,class Wolf
101,540,class Wolf
494,541,class Wolf
485,543,class Wolf
127,544,class Wolf
541,545,class Wolf
89,545,class Wolf
506,546,class Wolf
134,546,class Wolf
120,546,class Wolf
371,547,class Wolf
130,547,class Wolf
108,547,class Wolf
114,548,class Wolf
109,549,class Wolf
145,550,class Wolf
111,550,class Wolf
147,551,class Wolf
61,551,class Wolf
434,552,class Wolf
88,552,class Wolf
365,553,class Wolf
85,554,class Wolf
77,555,class Wolf
420,556,class Wolf
87,556,class Wolf
120,559,class Wolf
114,560,class Wolf
298,562,class Wolf
120,562,class Wolf
120,562,class Wolf
436,563,class Wolf
165,563,class Wolf
144,563,class Wolf
76,563,class Wolf
431,565,class Wolf
78,565,class Wolf
64,566,class Wolf
388,567,class Wolf
132,567,class Wolf
75,568,class Wolf
82,569,class Wolf
148,574,class Wolf
120,575,class Wolf
62,575,class Wolf
164,576,class Wolf
120,576,class Wolf
133,577,class Wolf
87,577,class Wolf
94,579,class Wolf
336,580,class Wolf
111,580,class Wolf
367,581,class Wolf
85,581,class Wolf
403,582,class Wolf
98,583,class Wolf
583,585,class Wolf
89,585,class Wolf
105,587,class Wolf
90,587,class Wolf
147,590,class Wolf
100,590,class Wolf
193,591,class Wolf
63,591,class Wolf
525,592,class Wolf
95,592,class Wolf
834,593,class Wolf
150,593,class Wolf
336,594,class Wolf
107,594,class Wolf
537,595,class Wolf
73,596,class Wolf
190,598,class Wolf
179,598,class Wolf
586,599,class Wolf
157,599,class Wolf
441,600,class Wolf
84,600,class Wolf
106,602,class Wolf
275,603,class Wolf
149,603,class Wolf
124,604,class Wolf
1728,605,class Wolf
195,606,class Wolf
117,607,class Wolf
117,607,class Wolf
104,607,class Wolf
472,608,class Wolf
514,611,class Wolf
77,612,class Wolf
143,613,class Wolf
70,613,class Wolf
199,615,class Wolf
90,615,class Wolf
81,617,class Wolf
598,618,class Wolf
230,618,class Wolf
120,618,class Wolf
120,618,class Wolf
131,619,class Wolf
84,619,class Wolf
67,619,class Wolf
99,620,class Wolf
122,621,class Wolf
103,621,class Wolf
88,621,class Wolf
73,621,class Wolf
224,622,class Wolf
146,622,class Wolf
273,623,class Wolf
120,623,class Wolf
83,623,class Wolf
548,627,class Wolf
130,627,class Wolf
123,628,class Wolf
72,628,class Wolf
120,629,class Wolf
64,630,class Wolf
135,631,class Wolf
569,633,class Wolf
102,634,class Wolf
156,636,class Wolf
113,636,class Wolf
96,636,class Wolf
88,636,class Wolf
90,637,class Wolf
336,638,class Wolf
243,638,class Wolf
215,640,class Wolf
105,640,class Wolf
102,640,class Wolf
62,641,class Wolf
118,642,class Wolf
623,643,class Wolf
503,643,class Wolf
227,644,class Wolf
123,644,class Wolf
98,645,class Wolf
381,646,class Wolf
133,646,class Wolf
111,648,class Wolf
153,649,class Wolf
193,650,class Wolf
117,651,class Wolf
150,653,class Wolf
110,653,class Wolf
70,653,class Wolf
136,655,class Wolf
86,655,class Wolf
72,655,class Wolf
121,656,class Wolf
120,656,class Wolf
355,657,class Wolf
101,657,class Wolf
641,658,class Wolf
528,658,class Wolf
111,658,class Wolf
234,659,class Wolf
160,659,class Wolf
88,659,class Wolf
172,660,class Wolf
147,660,class Wolf
65,662,class Wolf
65,662,class Wolf
80,663,class Wolf
307,664,class Wolf
276,664,class Wolf
81,664,class Wolf
362,666,class Wolf
154,667,class Wolf
543,668,class Wolf
276,668,class Wolf
143,668,class Wolf
104,668,class Wolf
547,669,class Wolf
134,669,class Wolf
528,670,class Wolf
485,670,class Wolf
123,670,class Wolf
390,671,class Wolf
131,671,class Wolf
120,671,class Wolf
216,672,class Wolf
120,672,class Wolf
410,674,class Wolf
167,674,class Wolf
287,676,class Wolf
91,676,class Wolf
81,676,class Wolf
222,677,class Wolf
82,677,class Wolf
633,679,class Wolf
163,679,class Wolf
154,679,class Wolf
190,680,class Wolf
235,681,class Wolf
179,681,class Wolf
95,684,class Wolf
250,686,class Wolf
89,686,class Wolf
94,687,class Wolf
132,688,class Wolf
157,689,class Wolf
511,690,class Wolf
142,692,class Wolf
128,692,class Wolf
156,693,class Wolf
144,693,class Wolf
300,695,class Wolf
668,696,class Wolf
172,698,class Wolf
135,699,class Wolf
627,700,class Wolf
193,700,class Wolf
120,700,class Wolf
103,700,class Wolf
126,703,class Wolf
107,704,class Wolf
199,706,class Wolf
132,707,class Wolf
128,707,class Wolf
65,707,class Wolf
115,708,class Wolf
440,711,class Wolf
241,711,class Wolf
81,714,class Wolf
194,715,class Wolf
443,716,class Wolf
140,717,class Wolf
64,717,class Wolf
123,718,class Wolf
122,718,class Wolf
552,719,class Wolf
264,719,class Wolf
168,719,class Wolf
165,721,class Wolf
719,722,class Wolf
213,722,class Wolf
139,724,class Wolf
71,724,class Wolf
155,725,class Wolf
67,725,class Wolf
171,727,class Wolf
289,728,class Wolf
158,728,class Wolf
118,728,class Wolf
245,730,class Wolf
593,731,class Wolf
134,732,class Wolf
407,735,class Wolf
230,737,class Wolf
204,737,class Wolf
185,737,class Wolf
167,737,class Wolf
73,739,class Wolf
325,741,class Wolf
165,742,class Wolf
235,744,class Wolf
225,744,class Wolf
193,745,class Wolf
267,747,class Wolf
105,748,class Wolf
154,749,class Wolf
153,750,class Wolf
120,750,class Wolf
120,750,class Wolf
120,750,class Wolf
232,751,class Wolf
91,751,class Wolf
122,753,class Wolf
662,755,class Wolf
82,756,class Wolf
177,757,class Wolf
78,757,class Wolf
447,758,class Wolf
258,758,class Wolf
86,758,class Wolf
705,759,class Wolf
619,759,class Wolf
97,761,class Wolf
62,762,class Wolf
120,763,class Wolf
329,765,class Wolf
214,765,class Wolf
200,765,class Wolf
101,765,class Wolf
99,765,class Wolf
63,765,class Wolf
120,766,class Wolf
291,767,class Wolf
583,768,class Wolf
72,768,class Wolf
1630,769,class Wolf
759,770,class Wolf
239,771,class Wolf
305,772,class Wolf
224,772,class Wolf
255,773,class Wolf
75,774,class Wolf
662,777,class Wolf
219,777,class Wolf
511,782,class Wolf
144,782,class Wolf
118,784,class Wolf
260,786,class Wolf
120,786,class Wolf
257,787,class Wolf
154,787,class Wolf
240,788,class Wolf
122,788,class Wolf
225,789,class Wolf
146,789,class Wolf
139,789,class Wolf
211,790,class Wolf
275,791,class Wolf
701,792,class Wolf
140,792,class Wolf
70,792,class Wolf
425,793,class Wolf
70,793,class Wolf
355,794,class Wolf
105,794,class Wolf
95,794,class Wolf
270,796,class Wolf
244,796,class Wolf
216,796,class Wolf
120,796,class Wolf
308,799,class Wolf
237,802,class Wolf
283,803,class Wolf
105,804,class Wolf
139,805,class Wolf
546,807,class Wolf
107,807,class Wolf
132,808,class Wolf
134,809,class Wolf
64,809,class Wolf
417,810,class Wolf
127,811,class Wolf
476,812,class Wolf
207,812,class Wolf
156,814,class Wolf
399,815,class Wolf
290,815,class Wolf
153,815,class Wolf
119,815,class Wolf
63,817,class Wolf
120,820,class Wolf
119,821,class Wolf
212,822,class Wolf
120,822,class Wolf
330,823,class Wolf
233,823,class Wolf
69,823,class Wolf
409,825,class Wolf
337,825,class Wolf
173,825,class Wolf
790,826,class Wolf
74,826,class Wolf
363,827,class Wolf
296,828,class Wolf
129,828,class Wolf
140,829,class Wolf
211,830,class Wolf
261,831,class Wolf
120,832,class Wolf
96,833,class Wolf
318,834,class Wolf
237,834,class Wolf
168,834,class Wolf
131,834,class Wolf
169,835,class Wolf
697,837,class Wolf
120,837,class Wolf
120,837,class Wolf
91,837,class Wolf
1249,839,class Wolf
427,839,class Wolf
430,840,class Wolf
174,841,class Wolf
162,841,class Wolf
279,843,class Wolf
148,844,class Wolf
190,845,class Wolf
137,849,class Wolf
286,850,class Wolf
286,850,class Wolf
211,850,class Wolf
184,850,class Wolf
67,852,class Wolf
198,853,class Wolf
200,854,class Wolf
204,857,class Wolf
136,858,class Wolf
307,859,class Wolf
289,859,class Wolf
633,860,class Wolf
467,860,class Wolf
326,860,class Wolf
201,860,class Wolf
456,861,class Wolf
198,862,class Wolf
496,864,class Wolf
104,864,class Wolf
389,866,class Wolf
361,866,class Wolf
296,867,class Wolf
206,868,class Wolf
189,868,class Wolf
415,870,class Wolf
258,870,class Wolf
192,870,class Wolf
125,870,class Wolf
117,870,class Wolf
74,870,class Wolf
666,871,class Wolf
390,871,class Wolf
377,871,class Wolf
120,871,class Wolf
115,871,class Wolf
94,872,class Wolf
330,874,class Wolf
323,874,class Wolf
64,874,class Wolf
364,875,class Wolf
242,875,class Wolf
325,876,class Wolf
177,876,class Wolf
125,876,class Wolf
75,876,class Wolf
135,878,class Wolf
75,878,class Wolf
119,879,class Wolf
63,879,class Wolf
667,881,class Wolf
97,881,class Wolf
166,882,class Wolf
223,883,class Wolf
665,885,class Wolf
75,885,class Wolf
219,886,class Wolf
125,886,class Wolf
248,887,class Wolf
128,887,class Wolf
87,888,class Wolf
245,889,class Wolf
90,889,class Wolf
92,892,class Wolf
140,893,class Wolf
76,893,class Wolf
82,897,class Wolf
189,898,class Wolf
120,898,class Wolf
203,899,class Wolf
131,899,class Wolf
107,900,class Wolf
497,901,class Wolf
327,902,class Wolf
99,902,class Wolf
463,903,class Wolf
243,903,class Wolf
225,903,class Wolf
116,903,class Wolf
81,905,class Wolf
83,907,class Wolf
198,910,class Wolf
385,911,class Wolf
378,911,class Wolf
105,911,class Wolf
342,912,class Wolf
337,912,class Wolf
96,912,class Wolf
422,913,class Wolf
305,913,class Wolf
120,913,class Wolf
97,913,class Wolf
495,914,class Wolf
470,914,class Wolf
739,915,class Wolf
357,915,class Wolf
122,915,class Wolf
79,915,class Wolf
452,916,class Wolf
233,917,class Wolf
81,917,class Wolf
150,918,class Wolf
104,919,class Wolf
299,922,class Wolf
352,923,class Wolf
254,923,class Wolf
242,924,class Wolf
173,924,class Wolf
128,924,class Wolf
775,925,class Wolf
251,925,class Wolf
98,925,class Wolf
167,927,class Wolf
372,928,class Wolf
143,928,class Wolf
136,929,class Wolf
123,929,class Wolf
101,929,class Wolf
412,930,class Wolf
171,931,class Wolf
120,931,class Wolf
388,932,class Wolf
78,933,class Wolf
692,935,class Wolf
120,935,class Wolf
120,936,class Wolf
576,938,class Wolf
121,940,class Wolf
533,941,class Wolf
272,941,class Wolf
117,941,class Wolf
144,944,class Wolf
104,945,class Wolf
209,946,class Wolf
63,947,class Wolf
287,949,class Wolf
537,950,class Wolf
474,951,class Wolf
297,952,class Wolf
164,952,class Wolf
295,953,class Wolf
194,953,class Wolf
120,953,class Wolf
491,956,class Wolf
105,956,class Wolf
95,956,class Wolf
455,957,class Wolf
459,959,class Wolf
263,959,class Wolf
242,959,class Wolf
612,960,class Wolf
412,960,class Wolf
200,960,class Wolf
367,961,class Wolf
309,961,class Wolf
216,961,class Wolf
183,961,class Wolf
147,962,class Wolf
102,962,class Wolf
63,962,class Wolf
120,964,class Wolf
120,964,class Wolf
120,964,class Wolf
438,967,class Wolf
255,967,class Wolf
64,967,class Wolf
469,968,class Wolf
293,968,class Wolf
292,968,class Wolf
183,969,class Wolf
161,970,class Wolf
136,970,class Wolf
73,970,class Wolf
469,971,class Wolf
155,971,class Wolf
107,971,class Wolf
89,972,class Wolf
354,973,class Wolf
173,973,class Wolf
437,974,class Wolf
364,974,class Wolf
124,975,class Wolf
120,975,class Wolf
120,975,class Wolf
111,975,class Wolf
124,976,class Wolf
107,976,class Wolf
181,977,class Wolf
113,978,class Wolf
109,978,class Wolf
163,979,class Wolf
193,980,class Wolf
78,980,class Wolf
63,981,class Wolf
444,982,class Wolf
363,982,class Wolf
214,982,class Wolf
123,983,class Wolf
285,984,class Wolf
120,984,class Wolf
69,984,class Wolf
664,985,class Wolf
99,985,class Wolf
643,986,class Wolf
125,986,class Wolf
65,986,class Wolf
440,987,class Wolf
394,987,class Wolf
453,988,class Wolf
293,988,class Wolf
105,988,class Wolf
286,989,class Wolf
120,989,class Wolf
380,990,class Wolf
126,990,class Wolf
120,990,class Wolf
428,992,class Wolf
123,992,class Wolf
85,992,class Wolf
110,993,class Wolf
95,993,class Wolf
226,994,class Wolf
201,994,class Wolf
90,995,class Wolf
270,996,class Wolf
120,996,class Wolf
95,996,class Wolf
89,996,class Wolf
111,997,class Wolf
106,997,class Wolf
134,998,class Wolf
120,998,class Wolf
80,998,class Wolf
207,1000,class Wolf
97,1000,class Wolf
91,1000,class Wolf
89,1000,class Wolf
87,1000,class Wolf
